congID;details;id;name;year
105;Hawaii Democrat, District 1;N00007665;Abercrombie, Neil;1998
105;Michigan Republican, Senate;N00004094;Abraham, Spencer;1998
105;New York Democrat, District 5;N00001143;Ackerman, Gary;1998
105;Alabama Republican, District 4;N00003028;Aderholt, Robert B;1998
105;Hawaii Democrat, Senate;N00007653;Akaka, Daniel K;1998
105;Colorado Republican, Senate;N00009082;Allard, Wayne;1998
105;Maine Democrat, District 1;N00000469;Allen, Tom H;1998
105;New Jersey Democrat, District 1;N00000826;Andrews, Robert E;1998
105;Texas Republican, District 7;N00005822;Archer, Bill;1998
105;Texas Republican, District 26;N00005638;Armey, Dick;1998
105;Missouri Republican, Senate;N00005165;Ashcroft, John;1998
105;Alabama Republican, District 6;N00008091;Bachus, Spencer;1998
105;Kentucky Democrat, District 6;N00003428;Baesler, Scotty;1998
105;Louisiana Republican, District 6;N00005407;Baker, Richard;1998
105;Maine Democrat, District 2;N00000496;Baldacci, John;1998
105;North Carolina Republican, District 10;N00002377;Ballenger, Cass;1998
105;Michigan Democrat, District 5;N00004087;Barcia, Jim;1998
105;Georgia Republican, District 7;N00002526;Barr, Bob;1998
105;Nebraska Republican, District 3;N00005336;Barrett, Bill;1998
105;Wisconsin Democrat, District 5;N00009160;Barrett, Tom;1998
105;Maryland Republican, District 6;N00002017;Bartlett, Roscoe G;1998
105;Texas Republican, District 6;N00005656;Barton, Joe;1998
105;New Hampshire Republican, District 2;N00000423;Bass, Charles;1998
105;Virginia Republican, District 1;N00002146;Bateman, Herbert H;1998
105;Montana Democrat, Senate;N00004643;Baucus, Max;1998
105;California Democrat, District 30;N00009774;Becerra, Xavier;1998
105;Utah Republican, Senate;N00006347;Bennett, Robert F;1998
105;Texas Democrat, District 25;N00005805;Bentsen, Ken;1998
105;Nebraska Republican, District 1;N00005331;Bereuter, Doug;1998
105;California Democrat, District 26;N00008094;Berman, Howard L;1998
105;Arkansas Democrat, District 1;N00005455;Berry, Marion;1998
105;Delaware Democrat, Senate;N00001669;Biden, Joseph R Jr;1998
105;California Republican, District 49;N00006981;Bilbray, Brian P;1998
105;Florida Republican, District 9;N00002982;Bilirakis, Michael;1998
105;New Mexico Democrat, Senate;N00006518;Bingaman, Jeff;1998
105;Georgia Democrat, District 2;N00002674;Bishop, Sanford;1998
105;Illinois Democrat, District 5;N00004816;Blagojevich, Rod;1998
105;Virginia Republican, District 7;N00002126;Bliley, Thomas J Jr;1998
105;Oregon Democrat, District 3;N00007727;Blumenauer, Earl;1998
105;Missouri Republican, District 7;N00005195;Blunt, Roy;1998
105;New York Republican, District 23;N00001267;Boehlert, Sherwood;1998
105;Ohio Republican, District 8;N00003675;Boehner, John;1998
105;Missouri Republican, Senate;N00005178;"Bond, Christopher ""Kit""";1998
105;Texas Republican, District 23;N00005985;Bonilla, Henry;1998
105;Michigan Democrat, District 10;N00003939;Bonior, David E;1998
105;California Republican, District 44;N00007068;Bono Mack, Mary;1998
105;Pennsylvania Democrat, District 3;N00001572;Borski, Bob;1998
105;Iowa Democrat, District 3;N00004208;Boswell, Leonard;1998
105;Virginia Democrat, District 9;N00002171;Boucher, Rick;1998
105;California Democrat, Senate;N00006692;Boxer, Barbara;1998
105;Florida Democrat, District 2;N00002743;Boyd, Allen;1998
105;Texas Republican, District 8;N00005883;Brady, Kevin;1998
105;Pennsylvania Democrat, District 1;N00001619;Brady, Robert A;1998
105;Illinois Democrat, Senate;N00004791;Braun, Carol Moseley;1998
105;Louisiana Democrat, Senate;N00005385;Breaux, John;1998
105;Florida Democrat, District 3;N00002713;Brown, Corrine;1998
105;California Democrat, District 42;N00007076;Brown, George E Jr;1998
105;Ohio Democrat, District 13;N00003535;Brown, Sherrod;1998
105;Kansas Republican, Senate;N00005244;Brownback, Sam;1998
105;Nevada Democrat, Senate;N00001750;Bryan, Richard H;1998
105;Tennessee Republican, District 7;N00003258;Bryant, Ed;1998
105;Arkansas Democrat, Senate;N00005466;Bumpers, Dale;1998
105;Kentucky Republican, District 4;N00003437;Bunning, Jim;1998
105;Montana Republican, Senate;N00004638;Burns, Conrad;1998
105;North Carolina Republican, District 5;N00002221;Burr, Richard;1998
105;Indiana Republican, District 6;N00000010;Burton, Dan;1998
105;Indiana Republican, District 5;N00003924;Buyer, Steve;1998
105;West Virginia Democrat, Senate;N00002200;Byrd, Robert C;1998
105;Alabama Republican, District 1;N00003091;Callahan, Sonny;1998
105;California Republican, District 43;N00007099;Calvert, Ken;1998
105;Michigan Republican, District 4;N00008086;Camp, Dave;1998
105;Colorado Republican, Senate;N00006202;Campbell, Ben Nighthorse;1998
105;California Republican, District 15;N00007377;Campbell, Tom;1998
105;Florida Republican, District 12;N00002949;Canady, Charles T;1998
105;Utah Republican, District 3;N00006349;Cannon, Chris;1998
105;California Democrat, District 22;N00007232;Capps, Lois;1998
105;Maryland Democrat, District 3;N00001955;Cardin, Ben;1998
105;Indiana Democrat, District 10;N00003758;Carson, Julia;1998
105;Delaware Republican, District 1;N00009775;Castle, Michael N;1998
105;Ohio Republican, District 1;N00003689;Chabot, Steve;1998
105;Rhode Island Republican, Senate;N00000324;Chafee, John H;1998
105;Georgia Republican, District 8;N00002685;Chambliss, Saxby;1998
105;Idaho Republican, District 1;N00006279;Chenoweth, Helen;1998
105;Nebraska Republican, District 2;N00005305;Christensen, Jon;1998
105;Virgin Islands Democrat, At Large;N00000133;Christian-Christensen, Donna;1998
105;Missouri Democrat, District 1;N00005026;Clay, William L;1998
105;North Carolina Democrat, District 1;N00002302;Clayton, Eva M;1998
105;Georgia Democrat, Senate;N00001751;Cleland, Max;1998
105;Tennessee Democrat, District 5;N00009779;Clement, Bob;1998
105;South Carolina Democrat, District 6;N00002408;Clyburn, James E;1998
105;Indiana Republican, Senate;N00003845;Coats, Dan;1998
105;North Carolina Republican, District 6;N00002247;Coble, Howard;1998
105;Oklahoma Republican, District 2;N00005601;Coburn, Tom;1998
105;Mississippi Republican, Senate;N00003328;Cochran, Thad;1998
105;Georgia Republican, District 3;N00002556;Collins, Mac;1998
105;Maine Republican, Senate;N00000491;Collins, Susan M;1998
105;Texas Republican, District 19;N00006055;Combest, Larry;1998
105;California Democrat, District 18;N00007502;Condit, Gary A;1998
105;North Dakota Democrat, Senate;N00004613;Conrad, Kent;1998
105;Michigan Democrat, District 14;N00004029;Conyers, John Jr;1998
105;Utah Republican, District 2;N00006348;Cook, Merrill;1998
105;Louisiana Republican, District 5;N00005422;Cooksey, John;1998
105;Illinois Democrat, District 12;N00004956;Costello, Jerry F;1998
105;Georgia Republican, Senate;N00002567;Coverdell, Paul;1998
105;California Republican, District 47;N00007124;Cox, Christopher;1998
105;Pennsylvania Democrat, District 14;N00001371;Coyne, William J;1998
105;Idaho Republican, Senate;N00002091;Craig, Larry;1998
105;Alabama Democrat, District 5;N00003042;Cramer, Bud;1998
105;Illinois Republican, District 8;N00004698;Crane, Phil;1998
105;Idaho Republican, District 2;N00006267;Crapo, Mike;1998
105;Wyoming Republican, District 1;N00006242;Cubin, Barbara;1998
105;Maryland Democrat, District 7;N00001971;Cummings, Elijah E;1998
105;California Republican, District 51;N00007050;Cunningham, Randy (Duke);1998
105;New York Republican, Senate;N00001158;D'Amato, Alfonse M;1998
105;Missouri Democrat, District 6;N00001784;Danner, Pat;1998
105;South Dakota Democrat, Senate;N00004583;Daschle, Tom;1998
105;Illinois Democrat, District 7;N00004884;Davis, Danny K;1998
105;Florida Democrat, District 11;N00002926;Davis, Jim;1998
105;Virginia Republican, District 11;N00002045;Davis, Tom;1998
105;Georgia Republican, District 9;N00002610;Deal, Nathan;1998
105;Oregon Democrat, District 4;N00007781;DeFazio, Peter;1998
105;Colorado Democrat, District 1;N00006134;DeGette, Diana;1998
105;Massachusetts Democrat, District 10;N00000280;Delahunt, Bill;1998
105;Connecticut Democrat, District 3;N00000615;DeLauro, Rosa L;1998
105;Texas Republican, District 22;N00005892;DeLay, Tom;1998
105;Florida Democrat, District 20;N00002839;Deutsch, Peter;1998
105;Ohio Republican, Senate;N00003709;DeWine, Mike;1998
105;Florida Republican, District 21;N00002872;Diaz-Balart, Lincoln;1998
105;Arkansas Republican, District 4;N00005442;Dickey, Jay;1998
105;Washington Democrat, District 6;N00007918;Dicks, Norm;1998
105;Michigan Democrat, District 16;N00001783;Dingell, John D;1998
105;California Democrat, District 32;N00006682;Dixon, Julian C;1998
105;Connecticut Democrat, Senate;N00000581;Dodd, Chris;1998
105;Texas Democrat, District 10;N00006023;Doggett, Lloyd;1998
105;New Mexico Republican, Senate;N00006515;Domenici, Pete V;1998
105;California Democrat, District 20;N00007251;Dooley, Cal;1998
105;California Republican, District 4;N00007556;Doolittle, John T;1998
105;North Dakota Democrat, Senate;N00004615;Dorgan, Byron L;1998
105;Pennsylvania Democrat, District 18;N00001373;Doyle, Mike;1998
105;California Republican, District 28;N00006932;Dreier, David;1998
105;Tennessee Republican, District 2;N00003209;Duncan, John J Jr;1998
105;Washington Republican, District 8;N00007823;Dunn, Jennifer;1998
105;Illinois Democrat, Senate;N00004981;Durbin, Dick;1998
105;Texas Democrat, District 11;N00005794;Edwards, Chet;1998
105;Michigan Republican, District 3;N00004166;Ehlers, Vernon J;1998
105;Maryland Republican, District 2;N00001925;Ehrlich, Bob;1998
105;Missouri Republican, District 8;N00005090;Emerson, Jo Ann;1998
105;New York Democrat, District 17;N00001003;Engel, Eliot L;1998
105;Pennsylvania Republican, District 21;N00001427;English, Phil;1998
105;Nevada Republican, District 1;N00006619;Ensign, John;1998
105;Wyoming Republican, Senate;N00006249;Enzi, Mike;1998
105;California Democrat, District 14;N00007335;Eshoo, Anna;1998
105;North Carolina Democrat, District 2;N00002269;Etheridge, Bob;1998
105;Illinois Democrat, District 17;N00004912;Evans, Lane;1998
105;Alabama Republican, District 2;N00003083;Everett, Terry;1998
105;Illinois Republican, District 15;N00004939;Ewing, Thomas W;1998
105;North Carolina Republican, Senate;N00002351;Faircloth, Lauch;1998
105;American Samoa Democrat, At Large;N00007632;Faleomavaega, Eni F H;1998
105;California Democrat, District 17;N00007312;Farr, Sam;1998
105;Pennsylvania Democrat, District 2;N00001746;Fattah, Chaka;1998
105;Illinois Republican, District 13;N00004772;Fawell, Harris W;1998
105;California Democrat, District 3;N00007561;Fazio, Vic;1998
105;Wisconsin Democrat, Senate;N00000036;Feingold, Russ;1998
105;California Democrat, Senate;N00007364;Feinstein, Dianne;1998
105;California Democrat, District 50;N00007033;Filner, Bob;1998
105;Florida Republican, District 16;N00002898;Foley, Mark;1998
105;New York Republican, District 1;N00001182;Forbes, Michael P;1998
105;Tennessee Democrat, District 9;N00003218;Ford, Harold E Jr;1998
105;Kentucky Democrat, Senate;N00003470;Ford, Wendell H;1998
105;New York Republican, District 13;N00000983;Fossella, Vito;1998
105;Florida Republican, District 4;N00002718;Fowler, Tillie;1998
105;Pennsylvania Republican, District 13;N00001541;Fox, Jon D;1998
105;Massachusetts Democrat, District 4;N00000275;Frank, Barney;1998
105;New Jersey Republican, District 7;N00000810;Franks, Bob;1998
105;New Jersey Republican, District 11;N00000684;Frelinghuysen, Rodney;1998
105;Tennessee Republican, Senate;N00003147;Frist, Bill;1998
105;Texas Democrat, District 24;N00005677;Frost, Martin;1998
105;Oregon Democrat, District 1;N00007710;Furse, Elizabeth;1998
105;California Republican, District 23;N00007231;Gallegly, Elton;1998
105;Iowa Republican, District 4;N00004221;Ganske, Greg;1998
105;Connecticut Democrat, District 2;N00000585;Gejdenson, Sam;1998
105;Pennsylvania Republican, District 17;N00001447;Gekas, George W;1998
105;Missouri Democrat, District 3;N00005037;Gephardt, Richard A;1998
105;Nevada Republican, District 2;N00006652;Gibbons, Jim;1998
105;Maryland Republican, District 1;N00002012;Gilchrest, Wayne T;1998
105;Ohio Republican, District 5;N00003660;Gillmor, Paul E;1998
105;New York Republican, District 20;N00001049;Gilman, Benjamin A;1998
105;Ohio Democrat, Senate;N00001871;Glenn, John;1998
105;Texas Democrat, District 20;N00005961;Gonzalez, Henry B;1998
105;Virginia Democrat, District 5;N00002167;Goode, Virgil;1998
105;Virginia Republican, District 6;N00009154;Goodlatte, Bob;1998
105;Pennsylvania Republican, District 19;N00001451;Goodling, Bill;1998
105;Tennessee Democrat, District 6;N00003126;Gordon, Bart;1998
105;Washington Republican, Senate;N00007879;Gorton, Slade;1998
105;Florida Republican, District 14;N00002960;Goss, Porter;1998
105;Florida Democrat, Senate;N00002742;Graham, Bob;1998
105;South Carolina Republican, District 3;N00009975;Graham, Lindsey;1998
105;Texas Republican, Senate;N00005709;Gramm, Phil;1998
105;Minnesota Republican, Senate;N00004468;Grams, Rod;1998
105;Texas Republican, District 12;N00008799;Granger, Kay;1998
105;Iowa Republican, Senate;N00001758;Grassley, Chuck;1998
105;Texas Democrat, District 29;N00005870;Green, Gene;1998
105;Pennsylvania Republican, District 8;N00001519;Greenwood, James C;1998
105;New Hampshire Republican, Senate;N00000444;Gregg, Judd;1998
105;Illinois Democrat, District 4;N00004874;Gutierrez, Luis V;1998
105;Minnesota Republican, District 1;N00004527;Gutknecht, Gil;1998
105;Nebraska Republican, Senate;N00005301;Hagel, Chuck;1998
105;Texas Democrat, District 4;N00005645;Hall, Ralph;1998
105;Ohio Democrat, District 3;N00003716;Hall, Tony P;1998
105;Indiana Democrat, District 9;N00003887;Hamilton, Lee H;1998
105;Utah Republican, District 1;N00006312;Hansen, James V;1998
105;Iowa Democrat, Senate;N00004207;Harkin, Tom;1998
105;California Democrat, District 36;N00006750;Harman, Jane;1998
105;Illinois Republican, District 14;N00004781;Hastert, Dennis;1998
105;Florida Democrat, District 23;N00002884;Hastings, Alcee L;1998
105;Washington Republican, District 4;N00009157;Hastings, Doc;1998
105;Utah Republican, Senate;N00009869;Hatch, Orrin G;1998
105;Arizona Republican, District 6;N00006455;Hayworth, J D;1998
105;Colorado Republican, District 5;N00000048;Hefley, Joel;1998
105;North Carolina Democrat, District 8;N00002314;Hefner, W G (Bill);1998
105;North Carolina Republican, Senate;N00002287;Helms, Jesse;1998
105;California Republican, District 2;N00007584;Herger, Wally;1998
105;Montana Republican, District 1;N00004644;Hill, Rick;1998
105;Tennessee Republican, District 4;N00003166;Hilleary, Van;1998
105;Alabama Democrat, District 7;N00003008;Hilliard, Earl F;1998
105;New York Democrat, District 26;N00001222;Hinchey, Maurice;1998
105;Texas Democrat, District 15;N00006008;Hinojosa, Ruben;1998
105;Ohio Republican, District 7;N00003725;Hobson, Dave;1998
105;Michigan Republican, District 2;N00004155;Hoekstra, Peter;1998
105;Pennsylvania Democrat, District 6;N00001469;Holden, Tim;1998
105;South Carolina Democrat, Senate;N00002423;Hollings, Fritz;1998
105;Oregon Democrat, District 5;N00007700;Hooley, Darlene;1998
105;California Republican, District 38;N00006821;Horn, Steve;1998
105;Indiana Republican, District 8;N00003897;Hostettler, John;1998
105;New York Republican, District 31;N00001329;Houghton, Amo;1998
105;Maryland Democrat, District 5;N00001821;Hoyer, Steny H;1998
105;Missouri Republican, District 9;N00008032;Hulshof, Kenny;1998
105;California Republican, District 52;N00006983;Hunter, Duncan;1998
105;Arkansas Republican, District 3;N00008190;Hutchinson, Asa;1998
105;Arkansas Republican, Senate;N00005499;Hutchinson, Tim;1998
105;Texas Republican, Senate;N00005675;Hutchison, Kay Bailey;1998
105;Illinois Republican, District 6;N00004702;Hyde, Henry J;1998
105;South Carolina Republican, District 4;N00002460;Inglis, Bob;1998
105;Oklahoma Republican, Senate;N00005582;Inhofe, James M;1998
105;Hawaii Democrat, Senate;N00001762;Inouye, Daniel K;1998
105;Oklahoma Republican, District 5;N00005551;Istook, Ernest J;1998
105;Texas Democrat, District 18;N00005818;Jackson Lee, Sheila;1998
105;Illinois Democrat, District 2;N00012457;Jackson, Jesse Jr;1998
105;Louisiana Democrat, District 2;N00005353;Jefferson, William J;1998
105;Vermont Republican, Senate;N00000534;Jeffords, James M;1998
105;Tennessee Republican, District 1;N00003202;Jenkins, Bill;1998
105;Louisiana Democrat, District 7;N00008038;John, Chris;1998
105;Texas Democrat, District 30;N00008122;Johnson, Eddie Bernice;1998
105;Wisconsin Democrat, District 8;N00004393;Johnson, Jay;1998
105;Connecticut Republican, District 6;N00000561;Johnson, Nancy L;1998
105;Texas Republican, District 3;N00008028;Johnson, Sam;1998
105;South Dakota Democrat, Senate;N00010084;Johnson, Tim;1998
105;North Carolina Republican, District 3;N00002299;Jones, Walter B Jr;1998
105;Pennsylvania Democrat, District 11;N00001509;Kanjorski, Paul E;1998
105;Ohio Democrat, District 9;N00003522;Kaptur, Marcy;1998
105;Ohio Republican, District 12;N00009778;Kasich, John;1998
105;New York Republican, District 19;N00001020;Kelly, Sue;1998
105;Idaho Republican, Senate;N00006283;Kempthorne, Dirk;1998
105;Massachusetts Democrat, Senate;N00000308;Kennedy, Edward M;1998
105;Massachusetts Democrat, District 8;N00000259;Kennedy, Joseph P II;1998
105;Rhode Island Democrat, District 1;N00000360;Kennedy, Patrick J;1998
105;Connecticut Democrat, District 1;N00000569;Kennelly, Barbara B;1998
105;Nebraska Democrat, Senate;N00005303;Kerrey, Bob;1998
105;Massachusetts Democrat, Senate;N00000245;Kerry, John;1998
105;Michigan Democrat, District 9;N00004070;Kildee, Dale E;1998
105;Michigan Democrat, District 15;N00004005;Kilpatrick, Carolyn Cheeks;1998
105;California Republican, District 41;N00006953;Kim, Jay C;1998
105;Wisconsin Democrat, District 3;N00004403;Kind, Ron;1998
105;New York Republican, District 3;N00001193;King, Pete;1998
105;Georgia Republican, District 1;N00002656;Kingston, Jack;1998
105;Wisconsin Democrat, District 4;N00004330;Kleczka, Jerry;1998
105;Pennsylvania Democrat, District 4;N00001399;Klink, Ron;1998
105;Wisconsin Republican, District 2;N00004374;Klug, Scott L;1998
105;Michigan Republican, District 11;N00004045;Knollenberg, Joe;1998
105;Wisconsin Democrat, Senate;N00004309;Kohl, Herb;1998
105;Arizona Republican, District 5;N00006486;Kolbe, Jim;1998
105;Ohio Democrat, District 10;N00003572;Kucinich, Dennis;1998
105;Arizona Republican, Senate;N00006406;Kyl, Jon;1998
105;New York Democrat, District 29;N00001305;LaFalce, John J;1998
105;Illinois Republican, District 18;N00004933;LaHood, Ray;1998
105;Texas Democrat, District 9;N00005928;Lampson, Nick;1998
105;Louisiana Democrat, Senate;N00005395;Landrieu, Mary L;1998
105;California Democrat, District 12;N00007382;Lantos, Tom;1998
105;Oklahoma Republican, District 1;N00005597;Largent, Steve;1998
105;Iowa Republican, District 5;N00004227;Latham, Tom;1998
105;Ohio Republican, District 19;N00003545;LaTourette, Steve;1998
105;New Jersey Democrat, Senate;N00000659;Lautenberg, Frank;1998
105;New York Republican, District 2;N00001176;Lazio, Rick A;1998
105;Iowa Republican, District 1;N00004280;Leach, Jim;1998
105;Vermont Democrat, Senate;N00009918;Leahy, Patrick;1998
105;California Democrat, District 9;N00008046;Lee, Barbara;1998
105;Michigan Democrat, Senate;N00001691;Levin, Carl;1998
105;Michigan Democrat, District 12;N00003950;Levin, Sander;1998
105;California Republican, District 40;N00007087;Lewis, Jerry;1998
105;Georgia Democrat, District 5;N00002577;Lewis, John;1998
105;Kentucky Republican, District 2;N00003476;Lewis, Ron;1998
105;Connecticut Democrat, Senate;N00000616;Lieberman, Joe;1998
105;Georgia Republican, District 11;N00002599;Linder, John;1998
105;Illinois Democrat, District 3;N00004856;Lipinski, Bill;1998
105;Louisiana Republican, District 1;N00001797;Livingston, Robert L;1998
105;New Jersey Republican, District 2;N00000851;LoBiondo, Frank;1998
105;California Democrat, District 16;N00007479;Lofgren, Zoe;1998
105;Mississippi Republican, Senate;N00003329;Lott, Trent;1998
105;New York Democrat, District 18;N00001024;Lowey, Nita M;1998
105;Oklahoma Republican, District 6;N00005559;Lucas, Frank D;1998
105;Indiana Republican, Senate;N00001764;Lugar, Richard G;1998
105;Minnesota Democrat, District 6;N00004440;Luther, Bill;1998
105;Florida Republican, Senate;N00001800;Mack, Connie;1998
105;New York Democrat, District 14;N00000078;Maloney, Carolyn B;1998
105;Connecticut Democrat, District 5;N00000637;Maloney, Jim;1998
105;New York Democrat, District 7;N00001068;Manton, Thomas J;1998
105;Illinois Republican, District 16;N00004905;Manzullo, Don;1998
105;Massachusetts Democrat, District 7;N00000270;Markey, Ed;1998
105;California Democrat, District 31;N00006949;Martinez, Matthew G;1998
105;Pennsylvania Democrat, District 20;N00001339;Mascara, Frank;1998
105;California Democrat, District 5;N00007571;Matsui, Robert T;1998
105;Arizona Republican, Senate;N00006424;McCain, John;1998
105;New York Democrat, District 4;N00001148;McCarthy, Carolyn;1998
105;Missouri Democrat, District 5;N00005119;McCarthy, Karen;1998
105;Florida Republican, District 8;N00002791;McCollum, Bill;1998
105;Kentucky Republican, Senate;N00003389;McConnell, Mitch;1998
105;Louisiana Republican, District 4;N00005414;McCrery, Jim;1998
105;Pennsylvania Republican, District 10;N00001498;McDade, Joseph M;1998
105;Washington Democrat, District 7;N00009829;McDermott, Jim;1998
105;Massachusetts Democrat, District 3;N00000179;McGovern, James P;1998
105;Pennsylvania Democrat, District 15;N00001475;McHale, Paul;1998
105;New York Republican, District 24;N00001276;McHugh, John M;1998
105;Colorado Republican, District 3;N00006213;McInnis, Scott;1998
105;Indiana Republican, District 2;N00003878;McIntosh, David M;1998
105;North Carolina Democrat, District 7;N00002356;McIntyre, Mike;1998
105;California Republican, District 25;N00006882;McKeon, Buck;1998
105;Georgia Democrat, District 4;N00002511;McKinney, Cynthia;1998
105;New York Democrat, District 21;N00001214;McNulty, Michael R;1998
105;Massachusetts Democrat, District 5;N00000205;Meehan, Marty;1998
105;Florida Democrat, District 17;N00002856;Meek, Carrie;1998
105;New York Democrat, District 6;N00001171;Meeks, Gregory W;1998
105;New Jersey Democrat, District 13;N00000699;Menendez, Robert;1998
105;Washington Republican, District 2;N00007895;Metcalf, Jack;1998
105;Florida Republican, District 7;N00002793;Mica, John L;1998
105;Maryland Democrat, Senate;N00001945;Mikulski, Barbara A;1998
105;California Democrat, District 37;N00006811;Millender-McDonald, Juanita;1998
105;Florida Republican, District 13;N00002963;Miller, Dan;1998
105;California Democrat, District 7;N00007390;Miller, George;1998
105;Minnesota Democrat, District 2;N00004547;Minge, David;1998
105;Hawaii Democrat, District 2;N00004229;Mink, Patsy T;1998
105;Massachusetts Democrat, District 9;N00000256;Moakley, Joe;1998
105;West Virginia Democrat, District 1;N00002214;Mollohan, Alan B;1998
105;Kansas Republican, District 1;N00005282;Moran, Jerry;1998
105;Virginia Democrat, District 8;N00002083;Moran, Jim;1998
105;Maryland Republican, District 8;N00001805;Morella, Connie;1998
105;New York Democrat, Senate;N00000968;Moynihan, Daniel Patrick;1998
105;Alaska Republican, Senate;N00008006;Murkowski, Frank H;1998
105;Washington Democrat, Senate;N00007876;Murray, Patty;1998
105;Pennsylvania Democrat, District 12;N00001408;Murtha, John P;1998
105;North Carolina Republican, District 9;N00002327;Myrick, Sue;1998
105;New York Democrat, District 8;N00000939;Nadler, Jerrold;1998
105;Massachusetts Democrat, District 2;N00000153;Neal, Richard E;1998
105;Washington Republican, District 5;N00008166;Nethercutt, George R Jr;1998
105;Wisconsin Republican, District 1;N00004356;Neumann, Mark W;1998
105;Ohio Republican, District 18;N00003532;Ney, Bob;1998
105;Oklahoma Republican, Senate;N00005617;Nickles, Don;1998
105;Kentucky Republican, District 3;N00003392;Northup, Anne M;1998
105;District of Columbia Democrat, At Large;N00001692;Norton, Eleanor Holmes;1998
105;Georgia Republican, District 10;N00002630;Norwood, Charles W;1998
105;Iowa Republican, District 2;N00004255;Nussle, Jim;1998
105;Minnesota Democrat, District 8;N00001806;Oberstar, James L;1998
105;Wisconsin Democrat, District 7;N00004394;Obey, David R;1998
105;Massachusetts Democrat, District 1;N00000143;Olver, John W;1998
105;Texas Democrat, District 27;N00005998;Ortiz, Solomon P;1998
105;New York Democrat, District 11;N00001074;Owens, Major R;1998
105;Ohio Republican, District 4;N00003736;Oxley, Michael G;1998
105;California Republican, District 48;N00007009;Packard, Ron;1998
105;New Jersey Democrat, District 6;N00000781;Pallone, Frank Jr;1998
105;New Jersey Republican, District 12;N00000664;Pappas, Mike;1998
105;Mississippi Republican, District 4;N00003362;Parker, Mike;1998
105;New Jersey Democrat, District 8;N00000751;Pascrell, Bill Jr;1998
105;Arizona Democrat, District 2;N00006397;Pastor, Ed;1998
105;Texas Republican, District 14;N00005906;Paul, Ron;1998
105;New York Republican, District 27;N00001307;Paxon, Bill;1998
105;New Jersey Democrat, District 10;N00000716;Payne, Donald M;1998
105;Indiana Republican, District 7;N00003910;Pease, Ed;1998
105;California Democrat, District 8;N00007360;Pelosi, Nancy;1998
105;Minnesota Democrat, District 7;N00004558;Peterson, Collin;1998
105;Pennsylvania Republican, District 5;N00001422;Peterson, John E;1998
105;Wisconsin Republican, District 6;N00004426;Petri, Tom;1998
105;Mississippi Republican, District 3;N00003341;Pickering, Charles (Chip) Jr;1998
105;Virginia Democrat, District 2;N00002140;Pickett, Owen B;1998
105;Pennsylvania Republican, District 16;N00001633;Pitts, Joe;1998
105;California Republican, District 11;N00007516;Pombo, Richard W;1998
105;North Dakota Democrat, District 1;N00008113;Pomeroy, Earl;1998
105;Illinois Republican, District 10;N00004700;Porter, John Edward;1998
105;Ohio Republican, District 2;N00003682;Portman, Rob;1998
105;Illinois Democrat, District 19;N00004997;Poshard, Glenn;1998
105;North Carolina Democrat, District 4;N00002260;Price, David;1998
105;Ohio Republican, District 15;N00003504;Pryce, Deborah;1998
105;New York Republican, District 30;N00001290;Quinn, Jack;1998
105;California Republican, District 19;N00007507;Radanovich, George;1998
105;West Virginia Democrat, District 3;N00002198;Rahall, Nick;1998
105;Minnesota Republican, District 3;N00004484;Ramstad, Jim;1998
105;New York Democrat, District 15;N00000964;Rangel, Charles B;1998
105;New Mexico Republican, District 3;N00006571;Redmond, Bill;1998
105;Rhode Island Democrat, Senate;N00000362;Reed, Jack;1998
105;Ohio Republican, District 16;N00003651;Regula, Ralph;1998
105;Nevada Democrat, Senate;N00009922;Reid, Harry;1998
105;Texas Democrat, District 16;N00006067;Reyes, Silvestre;1998
105;California Republican, District 1;N00007425;Riggs, Frank;1998
105;Alabama Republican, District 3;N00003071;Riley, Bob;1998
105;Michigan Democrat, District 13;N00003962;Rivers, Lynn N;1998
105;Virginia Democrat, Senate;N00002057;Robb, Charles S;1998
105;Kansas Republican, Senate;N00005285;Roberts, Pat;1998
105;West Virginia Democrat, Senate;N00001685;Rockefeller, Jay;1998
105;Texas Democrat, District 28;N00009828;Rodriguez, Ciro D;1998
105;Indiana Democrat, District 3;N00003828;Roemer, Tim;1998
105;California Republican, District 27;N00006832;Rogan, James E;1998
105;Kentucky Republican, District 5;N00003473;Rogers, Hal;1998
105;California Republican, District 45;N00007151;Rohrabacher, Dana;1998
105;Puerto Rico Third Party, At Large;N00000140;Romero-Barcelo, Carlos;1998
105;Florida Republican, District 18;N00002858;Ros-Lehtinen, Ileana;1998
105;Delaware Republican, Senate;N00001664;Roth, William V Jr;1998
105;New Jersey Democrat, District 9;N00008619;Rothman, Steven R;1998
105;New Jersey Republican, District 5;N00000740;Roukema, Marge;1998
105;California Democrat, District 33;N00006671;Roybal-Allard, Lucille;1998
105;California Republican, District 39;N00008264;Royce, Ed;1998
105;Illinois Democrat, District 1;N00004887;Rush, Bobby L;1998
105;Kansas Republican, District 2;N00005218;Ryun, Jim;1998
105;Minnesota Democrat, District 5;N00004489;Sabo, Martin Olav;1998
105;Arizona Republican, District 1;N00006446;Salmon, Matt;1998
105;California Democrat, District 46;N00008274;Sanchez, Loretta;1998
105;Vermont Independent, District 1;N00000528;Sanders, Bernie;1998
105;Texas Democrat, District 1;N00005724;Sandlin, Max;1998
105;South Carolina Republican, District 1;N00002424;Sanford, Mark;1998
105;Pennsylvania Republican, Senate;N00001380;Santorum, Rick;1998
105;Maryland Democrat, Senate;N00001979;Sarbanes, Paul S;1998
105;Ohio Democrat, District 14;N00009799;Sawyer, Tom;1998
105;New Jersey Republican, District 3;N00000834;Saxton, Jim;1998
105;Florida Republican, District 1;N00002754;Scarborough, Joe;1998
105;Colorado Republican, District 6;N00006144;Schaefer, Dan;1998
105;Colorado Republican, District 4;N00006182;Schaffer, Bob;1998
105;New York Democrat, District 9;N00001093;Schumer, Charles E;1998
105;Virginia Democrat, District 3;N00002147;Scott, Bobby;1998
105;Wisconsin Republican, District 9;N00004291;Sensenbrenner, F James Jr;1998
105;New York Democrat, District 16;N00001813;Serrano, Jose E;1998
105;Alabama Republican, Senate;N00003062;Sessions, Jeff;1998
105;Texas Republican, District 5;N00005681;Sessions, Pete;1998
105;Arizona Republican, District 4;N00006425;Shadegg, John;1998
105;Florida Republican, District 22;N00002877;Shaw, E Clay Jr;1998
105;Connecticut Republican, District 4;N00000652;Shays, Christopher;1998
105;Alabama Republican, Senate;N00009920;Shelby, Richard C;1998
105;California Democrat, District 24;N00006897;Sherman, Brad;1998
105;Illinois Republican, District 20;N00004961;Shimkus, John M;1998
105;Pennsylvania Republican, District 9;N00001395;Shuster, Bud;1998
105;Virginia Democrat, District 4;N00002151;Sisisky, Norman;1998
105;Colorado Democrat, District 2;N00006163;Skaggs, David E;1998
105;New Mexico Republican, District 2;N00006586;Skeen, Joe;1998
105;Missouri Democrat, District 4;N00005105;Skelton, Ike;1998
105;New York Democrat, District 28;N00001311;Slaughter, Louise M;1998
105;Washington Democrat, District 9;N00007833;Smith, Adam;1998
105;Oregon Republican, District 2;N00007799;Smith, Bob;1998
105;New Hampshire Republican, Senate;N00008957;Smith, Bob;1998
105;New Jersey Republican, District 4;N00009816;Smith, Chris;1998
105;Oregon Republican, Senate;N00007815;Smith, Gordon H;1998
105;Texas Republican, District 21;N00001811;Smith, Lamar;1998
105;Washington Republican, District 3;N00007948;Smith, Linda;1998
105;Michigan Republican, District 7;N00004113;Smith, Nick;1998
105;Kansas Republican, District 3;N00005221;Snowbarger, Vince;1998
105;Maine Republican, Senate;N00000480;Snowe, Olympia;1998
105;Arkansas Democrat, District 2;N00008188;Snyder, Vic;1998
105;New York Republican, District 22;N00009822;Solomon, Gerald B H;1998
105;Indiana Republican, District 4;N00003844;Souder, Mark E;1998
105;Pennsylvania Republican, Senate;N00001604;Specter, Arlen;1998
105;South Carolina Republican, District 2;N00002414;Spence, Floyd D;1998
105;South Carolina Democrat, District 5;N00002492;Spratt, John M Jr;1998
105;Michigan Democrat, District 8;N00004118;Stabenow, Debbie;1998
105;California Democrat, District 13;N00007397;Stark, Pete;1998
105;Florida Republican, District 6;N00002782;Stearns, Cliff;1998
105;Texas Democrat, District 17;N00006060;Stenholm, Charles W;1998
105;Alaska Republican, Senate;N00007997;Stevens, Ted;1998
105;Ohio Democrat, District 11;N00003587;Stokes, Louis;1998
105;Ohio Democrat, District 6;N00003730;Strickland, Ted;1998
105;Arizona Republican, District 3;N00006473;Stump, Bob;1998
105;Michigan Democrat, District 1;N00004196;Stupak, Bart;1998
105;New Hampshire Republican, District 1;N00000397;Sununu, John E;1998
105;Missouri Republican, District 2;N00005004;Talent, James M;1998
105;Tennessee Democrat, District 8;N00003254;Tanner, John;1998
105;California Democrat, District 10;N00007422;Tauscher, Ellen;1998
105;Louisiana Republican, District 3;N00005372;Tauzin, Billy;1998
105;North Carolina Republican, District 11;N00002383;Taylor, Charles H;1998
105;Mississippi Democrat, District 5;N00003350;Taylor, Gene;1998
105;California Republican, District 21;N00007256;Thomas, Bill;1998
105;Wyoming Republican, Senate;N00006246;Thomas, Craig;1998
105;Mississippi Democrat, District 2;N00003288;Thompson, Bennie G;1998
105;Tennessee Republican, Senate;N00003136;Thompson, Fred;1998
105;Texas Republican, District 13;N00006052;Thornberry, Mac;1998
105;South Dakota Republican, District 1;N00004572;Thune, John;1998
105;Florida Democrat, District 5;N00002973;Thurman, Karen L;1998
105;South Carolina Republican, Senate;N00002415;Thurmond, Strom;1998
105;Kansas Republican, District 4;N00008144;Tiahrt, Todd;1998
105;Massachusetts Democrat, District 6;N00000226;Tierney, John F;1998
105;California Democrat, District 34;N00006970;Torres, Esteban E;1998
105;New Jersey Democrat, Senate;N00000756;Torricelli, Robert G;1998
105;New York Democrat, District 10;N00001082;Towns, Edolphus;1998
105;Ohio Democrat, District 17;N00003647;Traficant, James A Jr;1998
105;Texas Democrat, District 2;N00005731;Turner, Jim;1998
105;Guam Democrat, At Large;N00007681;Underwood, Robert A;1998
105;Michigan Republican, District 6;N00004133;Upton, Fred;1998
105;New York Democrat, District 12;N00001102;Velazquez, Nydia M;1998
105;Minnesota Democrat, District 4;N00004452;Vento, Bruce F;1998
105;Indiana Democrat, District 1;N00003813;Visclosky, Pete;1998
105;New York Republican, District 25;N00001261;Walsh, James T;1998
105;Tennessee Republican, District 3;N00003159;Wamp, Zach;1998
105;Virginia Republican, Senate;N00002061;Warner, John W;1998
105;California Democrat, District 35;N00006690;Waters, Maxine;1998
105;Oklahoma Republican, District 3;N00005580;Watkins, Wes;1998
105;North Carolina Democrat, District 12;N00002328;Watt, Melvin L;1998
105;Oklahoma Republican, District 4;N00005528;Watts, J C Jr;1998
105;California Democrat, District 29;N00001861;Waxman, Henry;1998
105;Pennsylvania Republican, District 7;N00001535;Weldon, Curt;1998
105;Florida Republican, District 15;N00002807;Weldon, Dave;1998
105;Illinois Republican, District 11;N00004745;Weller, Jerry;1998
105;Minnesota Democrat, Senate;N00004443;Wellstone, Paul;1998
105;Florida Democrat, District 19;N00002905;Wexler, Robert;1998
105;Rhode Island Democrat, District 2;N00000340;Weygand, Bob;1998
105;Washington Republican, District 1;N00007834;White, Rick;1998
105;Kentucky Republican, District 1;N00003467;Whitfield, Ed;1998
105;Mississippi Republican, District 1;N00003280;Wicker, Roger;1998
105;New Mexico Republican, District 1;N00006546;Wilson, Heather A;1998
105;West Virginia Democrat, District 2;N00002181;Wise, Bob;1998
105;Virginia Republican, District 10;N00002073;Wolf, Frank;1998
105;California Democrat, District 6;N00007458;Woolsey, Lynn;1998
105;Oregon Democrat, Senate;N00007724;Wyden, Ron;1998
105;Maryland Democrat, District 4;N00001849;Wynn, Albert R;1998
105;Illinois Democrat, District 9;N00004896;Yates, Sidney R;1998
105;Florida Republican, District 10;N00001817;Young, C W Bill;1998
105;Alaska Republican, District 1;N00007999;Young, Don;1998
