id;link;name;year
N00023864;https://www.opensecrets.org/personal-finances/net-worth?cid=N00023864&year=2015;Donald Trump (R);2015
N00007017;https://www.opensecrets.org/personal-finances/net-worth?cid=N00007017&year=2015;Darrell Issa (R-Calif);2015
N00029127;https://www.opensecrets.org/personal-finances/net-worth?cid=N00029127&year=2015;Jared Polis (D-Colo);2015
N00002097;https://www.opensecrets.org/personal-finances/net-worth?cid=N00002097&year=2015;Mark Warner (D-Va);2015
N00033897;https://www.opensecrets.org/personal-finances/net-worth?cid=N00033897&year=2015;John K Delaney (D-Md);2015
N00035607;https://www.opensecrets.org/personal-finances/net-worth?cid=N00035607&year=2015;Dave Trott (R-Mich);2015
N00027626;https://www.opensecrets.org/personal-finances/net-worth?cid=N00027626&year=2015;Vernon Buchanan (R-Fla);2015
N00007360;https://www.opensecrets.org/personal-finances/net-worth?cid=N00007360&year=2015;Nancy Pelosi (D-Calif);2015
N00033591;https://www.opensecrets.org/personal-finances/net-worth?cid=N00033591&year=2015;Scott Peters (D-Calif);2015
N00031685;https://www.opensecrets.org/personal-finances/net-worth?cid=N00031685&year=2015;Richard Blumenthal (D-Conn);2015
N00007364;https://www.opensecrets.org/personal-finances/net-worth?cid=N00007364&year=2015;Dianne Feinstein (D-Calif);2015
N00031539;https://www.opensecrets.org/personal-finances/net-worth?cid=N00031539&year=2015;Diane Black (R-Tenn);2015
N00027441;https://www.opensecrets.org/personal-finances/net-worth?cid=N00027441&year=2015;Bob Corker (R-Tenn);2015
N00006954;https://www.opensecrets.org/personal-finances/net-worth?cid=N00006954&year=2015;Gary Miller (R-Calif);2015
N00001285;https://www.opensecrets.org/personal-finances/net-worth?cid=N00001285&year=2015;Chris Collins (R-NY);2015
N00036155;https://www.opensecrets.org/personal-finances/net-worth?cid=N00036155&year=2015;Thomas MacArthur (R-NJ);2015
N00030693;https://www.opensecrets.org/personal-finances/net-worth?cid=N00030693&year=2015;Suzan DelBene (D-Wash);2015
N00027694;https://www.opensecrets.org/personal-finances/net-worth?cid=N00027694&year=2015;Claire McCaskill (D-Mo);2015
N00029441;https://www.opensecrets.org/personal-finances/net-worth?cid=N00029441&year=2015;James E Risch (R-Idaho);2015
N00000684;https://www.opensecrets.org/personal-finances/net-worth?cid=N00000684&year=2015;Rodney Frelinghuysen (R-NJ);2015
N00030602;https://www.opensecrets.org/personal-finances/net-worth?cid=N00030602&year=2015;Roger Williams (R-Texas);2015
N00036018;https://www.opensecrets.org/personal-finances/net-worth?cid=N00036018&year=2015;Don Beyer (D-Va);2015
N00031688;https://www.opensecrets.org/personal-finances/net-worth?cid=N00031688&year=2015;John Hoeven (R-ND);2015
N00034044;https://www.opensecrets.org/personal-finances/net-worth?cid=N00034044&year=2015;Joe Kennedy III (D-Mass);2015
N00032546;https://www.opensecrets.org/personal-finances/net-worth?cid=N00032546&year=2015;Ron Johnson (R-Wis);2015
N00006423;https://www.opensecrets.org/personal-finances/net-worth?cid=N00006423&year=2015;Trent Franks (R-Ariz);2015
N00001024;https://www.opensecrets.org/personal-finances/net-worth?cid=N00001024&year=2015;Nita M Lowey (D-NY);2015
N00003132;https://www.opensecrets.org/personal-finances/net-worth?cid=N00003132&year=2015;Jim Cooper (D-Tenn);2015
N00035516;https://www.opensecrets.org/personal-finances/net-worth?cid=N00035516&year=2015;David Perdue (R-Ga);2015
N00000078;https://www.opensecrets.org/personal-finances/net-worth?cid=N00000078&year=2015;Carolyn B Maloney (D-NY);2015
N00033101;https://www.opensecrets.org/personal-finances/net-worth?cid=N00033101&year=2015;Brad Schneider (D-Ill);2015
N00029679;https://www.opensecrets.org/personal-finances/net-worth?cid=N00029679&year=2015;John Fleming (R-La);2015
N00003389;https://www.opensecrets.org/personal-finances/net-worth?cid=N00003389&year=2015;Mitch McConnell (R-Ky);2015
N00030197;https://www.opensecrets.org/personal-finances/net-worth?cid=N00030197&year=2015;Richard Hanna (R-NY);2015
N00027565;https://www.opensecrets.org/personal-finances/net-worth?cid=N00027565&year=2015;John Campbell (R-Calif);2015
N00002593;https://www.opensecrets.org/personal-finances/net-worth?cid=N00002593&year=2015;Johnny Isakson (R-Ga);2015
N00006023;https://www.opensecrets.org/personal-finances/net-worth?cid=N00006023&year=2015;Lloyd Doggett (D-Texas);2015
N00033720;https://www.opensecrets.org/personal-finances/net-worth?cid=N00033720&year=2015;Richard W Allen (R-Ga);2015
N00026710;https://www.opensecrets.org/personal-finances/net-worth?cid=N00026710&year=2015;Kenny Marchant (R-Texas);2015
N00028418;https://www.opensecrets.org/personal-finances/net-worth?cid=N00028418&year=2015;Alan Grayson (D-Fla);2015
N00031127;https://www.opensecrets.org/personal-finances/net-worth?cid=N00031127&year=2015;Jim Renacci (R-Ohio);2015
N00030962;https://www.opensecrets.org/personal-finances/net-worth?cid=N00030962&year=2015;Scott Rigell (R-Va);2015
N00012672;https://www.opensecrets.org/personal-finances/net-worth?cid=N00012672&year=2015;Steve Pearce (R-NM);2015
N00029139;https://www.opensecrets.org/personal-finances/net-worth?cid=N00029139&year=2015;Bill Foster (D-Ill);2015
N00035346;https://www.opensecrets.org/personal-finances/net-worth?cid=N00035346&year=2015;Buddy Carter (R-Ga);2015
N00035854;https://www.opensecrets.org/personal-finances/net-worth?cid=N00035854&year=2015;Curt Clawson (R-Fla);2015
N00033744;https://www.opensecrets.org/personal-finances/net-worth?cid=N00033744&year=2015;Rod Blum (R-Iowa);2015
N00006424;https://www.opensecrets.org/personal-finances/net-worth?cid=N00006424&year=2015;John McCain (R-Ariz);2015
N00026160;https://www.opensecrets.org/personal-finances/net-worth?cid=N00026160&year=2015;Tom Price (R-Ga);2015
N00031647;https://www.opensecrets.org/personal-finances/net-worth?cid=N00031647&year=2015;Mike Kelly (R-Pa);2015
N00028073;https://www.opensecrets.org/personal-finances/net-worth?cid=N00028073&year=2015;John A Yarmuth (D-Ky);2015
N00031593;https://www.opensecrets.org/personal-finances/net-worth?cid=N00031593&year=2015;Jeff Denham (R-Calif);2015
N00009888;https://www.opensecrets.org/personal-finances/net-worth?cid=N00009888&year=2015;Lamar Alexander (R-Tenn);2015
N00030608;https://www.opensecrets.org/personal-finances/net-worth?cid=N00030608&year=2015;Michael F Bennet (D-Colo);2015
N00035187;https://www.opensecrets.org/personal-finances/net-worth?cid=N00035187&year=2015;Mike Rounds (R-SD);2015
N00030026;https://www.opensecrets.org/personal-finances/net-worth?cid=N00030026&year=2015;Blaine Luetkemeyer (R-Mo);2015
N00034416;https://www.opensecrets.org/personal-finances/net-worth?cid=N00034416&year=2015;Robert Pittenger (R-NC);2015
N00000615;https://www.opensecrets.org/personal-finances/net-worth?cid=N00000615&year=2015;Rosa L DeLauro (D-Conn);2015
N00008086;https://www.opensecrets.org/personal-finances/net-worth?cid=N00008086&year=2015;Dave Camp (R-Mich);2015
N00035688;https://www.opensecrets.org/personal-finances/net-worth?cid=N00035688&year=2015;Gwen Graham (D-Fla);2015
N00003682;https://www.opensecrets.org/personal-finances/net-worth?cid=N00003682&year=2015;Rob Portman (R-Ohio);2015
N00033054;https://www.opensecrets.org/personal-finances/net-worth?cid=N00033054&year=2015;Steven Daines (R-Mont);2015
N00004291;https://www.opensecrets.org/personal-finances/net-worth?cid=N00004291&year=2015;F James Sensenbrenner Jr. (R-Wis);2015
N00007724;https://www.opensecrets.org/personal-finances/net-worth?cid=N00007724&year=2015;Ron Wyden (D-Ore);2015
N00026043;https://www.opensecrets.org/personal-finances/net-worth?cid=N00026043&year=2015;Randy Neugebauer (R-Texas);2015
N00034580;https://www.opensecrets.org/personal-finances/net-worth?cid=N00034580&year=2015;Angus King (I-Maine);2015
N00003845;https://www.opensecrets.org/personal-finances/net-worth?cid=N00003845&year=2015;Dan Coats (R-Ind);2015
N00029788;https://www.opensecrets.org/personal-finances/net-worth?cid=N00029788&year=2015;Cynthia Lummis (R-Wyo);2015
N00026631;https://www.opensecrets.org/personal-finances/net-worth?cid=N00026631&year=2015;Jeff Fortenberry (R-Neb);2015
N00036633;https://www.opensecrets.org/personal-finances/net-worth?cid=N00036633&year=2015;Ralph Abraham (R-La);2015
N00034584;https://www.opensecrets.org/personal-finances/net-worth?cid=N00034584&year=2015;Bruce Poliquin (R-Maine);2015
N00026041;https://www.opensecrets.org/personal-finances/net-worth?cid=N00026041&year=2015;Mike Conaway (R-Texas);2015
N00003328;https://www.opensecrets.org/personal-finances/net-worth?cid=N00003328&year=2015;Thad Cochran (R-Miss);2015
N00009920;https://www.opensecrets.org/personal-finances/net-worth?cid=N00009920&year=2015;Richard C Shelby (R-Ala);2015
N00031681;https://www.opensecrets.org/personal-finances/net-worth?cid=N00031681&year=2015;David McKinley (R-WVa);2015
N00029649;https://www.opensecrets.org/personal-finances/net-worth?cid=N00029649&year=2015;Jackie Speier (D-Calif);2015
N00028961;https://www.opensecrets.org/personal-finances/net-worth?cid=N00028961&year=2015;Jim Gilmore (R-Va);2015
N00033540;https://www.opensecrets.org/personal-finances/net-worth?cid=N00033540&year=2015;Beto O'Rourke (D-Texas);2015
N00031820;https://www.opensecrets.org/personal-finances/net-worth?cid=N00031820&year=2015;Chris Coons (D-Del);2015
N00033106;https://www.opensecrets.org/personal-finances/net-worth?cid=N00033106&year=2015;Ann L Wagner (R-Mo);2015
N00035492;https://www.opensecrets.org/personal-finances/net-worth?cid=N00035492&year=2015;Thom Tillis (R-NC);2015
N99999922;https://www.opensecrets.org/personal-finances/net-worth?cid=N99999922&year=2015;John G. Roberts;2015
N00031005;https://www.opensecrets.org/personal-finances/net-worth?cid=N00031005&year=2015;Vicky Hartzler (R-Mo);2015
N00005582;https://www.opensecrets.org/personal-finances/net-worth?cid=N00005582&year=2015;James M Inhofe (R-Okla);2015
N00006236;https://www.opensecrets.org/personal-finances/net-worth?cid=N00006236&year=2015;John A Barrasso (R-Wyo);2015
N00031253;https://www.opensecrets.org/personal-finances/net-worth?cid=N00031253&year=2015;Keith J Rothfus (R-Pa);2015
N00032838;https://www.opensecrets.org/personal-finances/net-worth?cid=N00032838&year=2015;Joe Manchin (D-WVa);2015
N00033492;https://www.opensecrets.org/personal-finances/net-worth?cid=N00033492&year=2015;Elizabeth Warren (D-Mass);2015
N00024866;https://www.opensecrets.org/personal-finances/net-worth?cid=N00024866&year=2015;Madeleine Z Bordallo (D-Guam);2015
N00003062;https://www.opensecrets.org/personal-finances/net-worth?cid=N00003062&year=2015;Jeff Sessions (R-Ala);2015
N00000860;https://www.opensecrets.org/personal-finances/net-worth?cid=N00000860&year=2015;Rush Holt (D-NJ);2015
N00026786;https://www.opensecrets.org/personal-finances/net-worth?cid=N00026786&year=2015;Bobby Jindal (R);2015
N00002424;https://www.opensecrets.org/personal-finances/net-worth?cid=N00002424&year=2015;Mark Sanford (R-SC);2015
N00035972;https://www.opensecrets.org/personal-finances/net-worth?cid=N00035972&year=2015;John Lee Ratcliffe (R-Texas);2015
N00029016;https://www.opensecrets.org/personal-finances/net-worth?cid=N00029016&year=2015;Al Franken (D-Minn);2015
N00007727;https://www.opensecrets.org/personal-finances/net-worth?cid=N00007727&year=2015;Earl Blumenauer (D-Ore);2015
N00030856;https://www.opensecrets.org/personal-finances/net-worth?cid=N00030856&year=2015;John Garamendi (D-Calif);2015
N00035792;https://www.opensecrets.org/personal-finances/net-worth?cid=N00035792&year=2015;French Hill (R-Ark);2015
N00027533;https://www.opensecrets.org/personal-finances/net-worth?cid=N00027533&year=2015;Sheldon Whitehouse (D-RI);2015
N00033410;https://www.opensecrets.org/personal-finances/net-worth?cid=N00033410&year=2015;Markwayne Mullin (R-Okla);2015
N00024790;https://www.opensecrets.org/personal-finances/net-worth?cid=N00024790&year=2015;Jeanne Shaheen (D-NH);2015
N00027522;https://www.opensecrets.org/personal-finances/net-worth?cid=N00027522&year=2015;Dean Heller (R-Nev);2015
N00027509;https://www.opensecrets.org/personal-finances/net-worth?cid=N00027509&year=2015;Scott Tipton (R-Colo);2015
N00001783;https://www.opensecrets.org/personal-finances/net-worth?cid=N00001783&year=2015;John D Dingell (D-Mich);2015
N00006460;https://www.opensecrets.org/personal-finances/net-worth?cid=N00006460&year=2015;David Schweikert (R-Ariz);2015
N00031557;https://www.opensecrets.org/personal-finances/net-worth?cid=N00031557&year=2015;Dennis Heck (D-Wash);2015
N00002793;https://www.opensecrets.org/personal-finances/net-worth?cid=N00002793&year=2015;John L Mica (R-Fla);2015
N00033310;https://www.opensecrets.org/personal-finances/net-worth?cid=N00033310&year=2015;Brad Wenstrup (R-Ohio);2015
N00029070;https://www.opensecrets.org/personal-finances/net-worth?cid=N00029070&year=2015;Jim Himes (D-Conn);2015
N00033399;https://www.opensecrets.org/personal-finances/net-worth?cid=N00033399&year=2015;George Holding (R-NC);2015
N00036149;https://www.opensecrets.org/personal-finances/net-worth?cid=N00036149&year=2015;Debbie Dingell (D-Mich);2015
N00031545;https://www.opensecrets.org/personal-finances/net-worth?cid=N00031545&year=2015;Bill Flores (R-Texas);2015
N00004357;https://www.opensecrets.org/personal-finances/net-worth?cid=N00004357&year=2015;Paul Ryan (R-Wis);2015
N00031672;https://www.opensecrets.org/personal-finances/net-worth?cid=N00031672&year=2015;Blake Farenthold (R-Texas);2015
N00030717;https://www.opensecrets.org/personal-finances/net-worth?cid=N00030717&year=2015;Ami Bera (D-Calif);2015
N00000751;https://www.opensecrets.org/personal-finances/net-worth?cid=N00000751&year=2015;Bill Pascrell Jr. (D-NJ);2015
N00012508;https://www.opensecrets.org/personal-finances/net-worth?cid=N00012508&year=2015;Tom Carper (D-Del);2015
N99999871;https://www.opensecrets.org/personal-finances/net-worth?cid=N99999871&year=2015;Neil Gorsuch;2015
N00003225;https://www.opensecrets.org/personal-finances/net-worth?cid=N00003225&year=2015;Steve Cohen (D-Tenn);2015
N00026686;https://www.opensecrets.org/personal-finances/net-worth?cid=N00026686&year=2015;Al Green (D-Texas);2015
N00033217;https://www.opensecrets.org/personal-finances/net-worth?cid=N00033217&year=2015;Elizabeth Esty (D-Conn);2015
N00001811;https://www.opensecrets.org/personal-finances/net-worth?cid=N00001811&year=2015;Lamar Smith (R-Texas);2015
N00028463;https://www.opensecrets.org/personal-finances/net-worth?cid=N00028463&year=2015;Phil Roe (R-Tenn);2015
N00034128;https://www.opensecrets.org/personal-finances/net-worth?cid=N00034128&year=2015;Matt Cartwright (D-Pa);2015
N00005293;https://www.opensecrets.org/personal-finances/net-worth?cid=N00005293&year=2015;Brad Ashford (D-Neb);2015
N00031011;https://www.opensecrets.org/personal-finances/net-worth?cid=N00031011&year=2015;Bill Owens (D-NY);2015
N00009922;https://www.opensecrets.org/personal-finances/net-worth?cid=N00009922&year=2015;Harry Reid (D-Nev);2015
N00007099;https://www.opensecrets.org/personal-finances/net-worth?cid=N00007099&year=2015;Ken Calvert (R-Calif);2015
N00030071;https://www.opensecrets.org/personal-finances/net-worth?cid=N00030071&year=2015;Kurt Schrader (D-Ore);2015
N00030191;https://www.opensecrets.org/personal-finances/net-worth?cid=N00030191&year=2015;Dina Titus (D-Nev);2015
N00026341;https://www.opensecrets.org/personal-finances/net-worth?cid=N00026341&year=2015;Jim Costa (D-Calif);2015
N00000515;https://www.opensecrets.org/personal-finances/net-worth?cid=N00000515&year=2015;Peter Welch (D-Vt);2015
N00033782;https://www.opensecrets.org/personal-finances/net-worth?cid=N00033782&year=2015;Heidi Heitkamp (D-ND);2015
N00033832;https://www.opensecrets.org/personal-finances/net-worth?cid=N00033832&year=2015;Tom Rice (R-SC);2015
N00001148;https://www.opensecrets.org/personal-finances/net-worth?cid=N00001148&year=2015;Carolyn McCarthy (D-NY);2015
N00009869;https://www.opensecrets.org/personal-finances/net-worth?cid=N00009869&year=2015;Orrin G Hatch (R-Utah);2015
N00025726;https://www.opensecrets.org/personal-finances/net-worth?cid=N00025726&year=2015;Tom Cole (R-Okla);2015
N00034349;https://www.opensecrets.org/personal-finances/net-worth?cid=N00034349&year=2015;Filemon Vela (D-Texas);2015
N00029026;https://www.opensecrets.org/personal-finances/net-worth?cid=N00029026&year=2015;Niki Tsongas (D-Mass);2015
N00032457;https://www.opensecrets.org/personal-finances/net-worth?cid=N00032457&year=2015;Austin Scott (R-Ga);2015
N00033495;https://www.opensecrets.org/personal-finances/net-worth?cid=N00033495&year=2015;Susan Brooks (R-Ind);2015
N00006897;https://www.opensecrets.org/personal-finances/net-worth?cid=N00006897&year=2015;Brad Sherman (D-Calif);2015
N00026460;https://www.opensecrets.org/personal-finances/net-worth?cid=N00026460&year=2015;Michael McCaul (R-Texas);2015
N00033904;https://www.opensecrets.org/personal-finances/net-worth?cid=N00033904&year=2015;Joyce Beatty (D-Ohio);2015
N00031103;https://www.opensecrets.org/personal-finances/net-worth?cid=N00031103&year=2015;Bob Dold (R-Ill);2015
N00005195;https://www.opensecrets.org/personal-finances/net-worth?cid=N00005195&year=2015;Roy Blunt (R-Mo);2015
N00033474;https://www.opensecrets.org/personal-finances/net-worth?cid=N00033474&year=2015;Suzanne Bonamici (D-Ore);2015
N00029277;https://www.opensecrets.org/personal-finances/net-worth?cid=N00029277&year=2015;Gary Peters (D-Mich);2015
N00003467;https://www.opensecrets.org/personal-finances/net-worth?cid=N00003467&year=2015;Ed Whitfield (R-Ky);2015
N00027514;https://www.opensecrets.org/personal-finances/net-worth?cid=N00027514&year=2015;Kathy Castor (D-Fla);2015
N00027605;https://www.opensecrets.org/personal-finances/net-worth?cid=N00027605&year=2015;Jon Tester (D-Mont);2015
N00008274;https://www.opensecrets.org/personal-finances/net-worth?cid=N00008274&year=2015;Loretta Sanchez (D-Calif);2015
N00033085;https://www.opensecrets.org/personal-finances/net-worth?cid=N00033085&year=2015;Ted Cruz (R-Texas);2015
N00000491;https://www.opensecrets.org/personal-finances/net-worth?cid=N00000491&year=2015;Susan Collins (R-Maine);2015
N00009926;https://www.opensecrets.org/personal-finances/net-worth?cid=N00009926&year=2015;Bill Nelson (D-Fla);2015
N00013799;https://www.opensecrets.org/personal-finances/net-worth?cid=N00013799&year=2015;Randy Forbes (R-Va);2015
N00029303;https://www.opensecrets.org/personal-finances/net-worth?cid=N00029303&year=2015;Jeff Merkley (D-Ore);2015
N00005818;https://www.opensecrets.org/personal-finances/net-worth?cid=N00005818&year=2015;Sheila Jackson Lee (D-Texas);2015
N00033987;https://www.opensecrets.org/personal-finances/net-worth?cid=N00033987&year=2015;Doug LaMalfa (R-Calif);2015
N00013817;https://www.opensecrets.org/personal-finances/net-worth?cid=N00013817&year=2015;Chellie Pingree (D-Maine);2015
N00000898;https://www.opensecrets.org/personal-finances/net-worth?cid=N00000898&year=2015;Leonard Lance (R-NJ);2015
N00009771;https://www.opensecrets.org/personal-finances/net-worth?cid=N00009771&year=2015;Shelley Moore Capito (R-WVa);2015
N00009154;https://www.opensecrets.org/personal-finances/net-worth?cid=N00009154&year=2015;Bob Goodlatte (R-Va);2015
N00003675;https://www.opensecrets.org/personal-finances/net-worth?cid=N00003675&year=2015;John Boehner (R-Ohio);2015
N00033443;https://www.opensecrets.org/personal-finances/net-worth?cid=N00033443&year=2015;Deb Fischer (R-Neb);2015
N00003473;https://www.opensecrets.org/personal-finances/net-worth?cid=N00003473&year=2015;Hal Rogers (R-Ky);2015
N00001758;https://www.opensecrets.org/personal-finances/net-worth?cid=N00001758&year=2015;Chuck Grassley (R-Iowa);2015
N00013873;https://www.opensecrets.org/personal-finances/net-worth?cid=N00013873&year=2015;John Boozman (R-Ark);2015
N00035278;https://www.opensecrets.org/personal-finances/net-worth?cid=N00035278&year=2015;Katherine Clark (D-Mass);2015
N00003950;https://www.opensecrets.org/personal-finances/net-worth?cid=N00003950&year=2015;Sander Levin (D-Mich);2015
N00000179;https://www.opensecrets.org/personal-finances/net-worth?cid=N00000179&year=2015;James P McGovern (D-Mass);2015
N00007836;https://www.opensecrets.org/personal-finances/net-worth?cid=N00007836&year=2015;Maria Cantwell (D-Wash);2015
N00027239;https://www.opensecrets.org/personal-finances/net-worth?cid=N00027239&year=2015;Daniel Lipinski (D-Ill);2015
N00030600;https://www.opensecrets.org/personal-finances/net-worth?cid=N00030600&year=2015;Judy Chu (D-Calif);2015
N00035007;https://www.opensecrets.org/personal-finances/net-worth?cid=N00035007&year=2015;David P Joyce (R-Ohio);2015
N00000781;https://www.opensecrets.org/personal-finances/net-worth?cid=N00000781&year=2015;Frank Pallone Jr. (D-NJ);2015
N00025175;https://www.opensecrets.org/personal-finances/net-worth?cid=N00025175&year=2015;Michael R Turner (R-Ohio);2015
N00002260;https://www.opensecrets.org/personal-finances/net-worth?cid=N00002260&year=2015;David Price (D-NC);2015
N00006692;https://www.opensecrets.org/personal-finances/net-worth?cid=N00006692&year=2015;Barbara Boxer (D-Calif);2015
N00004227;https://www.opensecrets.org/personal-finances/net-worth?cid=N00004227&year=2015;Tom Latham (R-Iowa);2015
N00033091;https://www.opensecrets.org/personal-finances/net-worth?cid=N00033091&year=2015;Patrick Murphy (D-Fla);2015
N00030875;https://www.opensecrets.org/personal-finances/net-worth?cid=N00030875&year=2015;Ann Mclane Kuster (D-NH);2015
N00002221;https://www.opensecrets.org/personal-finances/net-worth?cid=N00002221&year=2015;Richard Burr (R-NC);2015
N00003028;https://www.opensecrets.org/personal-finances/net-worth?cid=N00003028&year=2015;Robert B Aderholt (R-Ala);2015
N00005285;https://www.opensecrets.org/personal-finances/net-worth?cid=N00005285&year=2015;Pat Roberts (R-Kan);2015
N00035774;https://www.opensecrets.org/personal-finances/net-worth?cid=N00035774&year=2015;Dan Sullivan (R-Alaska);2015
N00029147;https://www.opensecrets.org/personal-finances/net-worth?cid=N00029147&year=2015;Andy Harris (R-Md);2015
N00012233;https://www.opensecrets.org/personal-finances/net-worth?cid=N00012233&year=2015;Robert E Latta (R-Ohio);2015
N00000267;https://www.opensecrets.org/personal-finances/net-worth?cid=N00000267&year=2015;Michael E Capuano (D-Mass);2015
N00028139;https://www.opensecrets.org/personal-finances/net-worth?cid=N00028139&year=2015;Mazie K Hirono (D-Hawaii);2015
N00006561;https://www.opensecrets.org/personal-finances/net-worth?cid=N00006561&year=2015;Tom Udall (D-NM);2015
N00007312;https://www.opensecrets.org/personal-finances/net-worth?cid=N00007312&year=2015;Sam Farr (D-Calif);2015
N00038397;https://www.opensecrets.org/personal-finances/net-worth?cid=N00038397&year=2015;Maggie Hassan (D-NH);2015
N00007419;https://www.opensecrets.org/personal-finances/net-worth?cid=N00007419&year=2015;Mike Thompson (D-Calif);2015
N00001955;https://www.opensecrets.org/personal-finances/net-worth?cid=N00001955&year=2015;Ben Cardin (D-Md);2015
N00029675;https://www.opensecrets.org/personal-finances/net-worth?cid=N00029675&year=2015;Brett Guthrie (R-Ky);2015
N00002247;https://www.opensecrets.org/personal-finances/net-worth?cid=N00002247&year=2015;Howard Coble (R-NC);2015
N00031934;https://www.opensecrets.org/personal-finances/net-worth?cid=N00031934&year=2015;Dan Benishek (R-Mich);2015
N00034884;https://www.opensecrets.org/personal-finances/net-worth?cid=N00034884&year=2015;William Enyart (D-Ill);2015
N00031933;https://www.opensecrets.org/personal-finances/net-worth?cid=N00031933&year=2015;Bill Keating (D-Mass);2015
N00001489;https://www.opensecrets.org/personal-finances/net-worth?cid=N00001489&year=2015;Pat Toomey (R-Pa);2015
N00034041;https://www.opensecrets.org/personal-finances/net-worth?cid=N00034041&year=2015;Thomas Massie (R-Ky);2015
N00031412;https://www.opensecrets.org/personal-finances/net-worth?cid=N00031412&year=2015;Mick Mulvaney (R-SC);2015
N00029891;https://www.opensecrets.org/personal-finances/net-worth?cid=N00029891&year=2015;Gerry Connolly (D-Va);2015
N00007690;https://www.opensecrets.org/personal-finances/net-worth?cid=N00007690&year=2015;Greg Walden (R-Ore);2015
N00030815;https://www.opensecrets.org/personal-finances/net-worth?cid=N00030815&year=2015;Chuck Fleischmann (R-Tenn);2015
N00024871;https://www.opensecrets.org/personal-finances/net-worth?cid=N00024871&year=2015;David Scott (D-Ga);2015
N00007479;https://www.opensecrets.org/personal-finances/net-worth?cid=N00007479&year=2015;Zoe Lofgren (D-Calif);2015
N00009724;https://www.opensecrets.org/personal-finances/net-worth?cid=N00009724&year=2015;Jim Langevin (D-RI);2015
N00005736;https://www.opensecrets.org/personal-finances/net-worth?cid=N00005736&year=2015;Brian Babin (R-Texas);2015
N00009604;https://www.opensecrets.org/personal-finances/net-worth?cid=N00009604&year=2015;Susan A Davis (D-Calif);2015
N00037008;https://www.opensecrets.org/personal-finances/net-worth?cid=N00037008&year=2015;Chris Christie (R);2015
N00001692;https://www.opensecrets.org/personal-finances/net-worth?cid=N00001692&year=2015;Eleanor Holmes Norton (D-DC);2015
N00030676;https://www.opensecrets.org/personal-finances/net-worth?cid=N00030676&year=2015;Billy Long (R-Mo);2015
N00026166;https://www.opensecrets.org/personal-finances/net-worth?cid=N00026166&year=2015;Virginia Foxx (R-NC);2015
N00000270;https://www.opensecrets.org/personal-finances/net-worth?cid=N00000270&year=2015;Ed Markey (D-Mass);2015
N00006263;https://www.opensecrets.org/personal-finances/net-worth?cid=N00006263&year=2015;Mike Simpson (R-Idaho);2015
N00007021;https://www.opensecrets.org/personal-finances/net-worth?cid=N00007021&year=2015;Juan Vargas (D-Calif);2015
N00006134;https://www.opensecrets.org/personal-finances/net-worth?cid=N00006134&year=2015;Diana DeGette (D-Colo);2015
N00001311;https://www.opensecrets.org/personal-finances/net-worth?cid=N00001311&year=2015;Louise M Slaughter (D-NY);2015
N00004874;https://www.opensecrets.org/personal-finances/net-worth?cid=N00004874&year=2015;Luis V Gutierrez (D-Ill);2015
N00036403;https://www.opensecrets.org/personal-finances/net-worth?cid=N00036403&year=2015;Daniel Milton Newhouse (R-Wash);2015
N00025219;https://www.opensecrets.org/personal-finances/net-worth?cid=N00025219&year=2015;Michael Burgess (R-Texas);2015
N00029273;https://www.opensecrets.org/personal-finances/net-worth?cid=N00029273&year=2015;Aaron Schock (R-Ill);2015
N00029459;https://www.opensecrets.org/personal-finances/net-worth?cid=N00029459&year=2015;Rob Wittman (R-Va);2015
N00033220;https://www.opensecrets.org/personal-finances/net-worth?cid=N00033220&year=2015;Ted Yoho (R-Fla);2015
N00002198;https://www.opensecrets.org/personal-finances/net-worth?cid=N00002198&year=2015;Nick Rahall (D-WVa);2015
N00030245;https://www.opensecrets.org/personal-finances/net-worth?cid=N00030245&year=2015;Bill Cassidy (R-La);2015
N00033274;https://www.opensecrets.org/personal-finances/net-worth?cid=N00033274&year=2015;Alan Lowenthal (D-Calif);2015
N00036154;https://www.opensecrets.org/personal-finances/net-worth?cid=N00036154&year=2015;Don Norcross (D-NJ);2015
N00000964;https://www.opensecrets.org/personal-finances/net-worth?cid=N00000964&year=2015;Charles B Rangel (D-NY);2015
N00024922;https://www.opensecrets.org/personal-finances/net-worth?cid=N00024922&year=2015;Jeb Hensarling (R-Texas);2015
N00034547;https://www.opensecrets.org/personal-finances/net-worth?cid=N00034547&year=2015;Grace Meng (D-NY);2015
N00029285;https://www.opensecrets.org/personal-finances/net-worth?cid=N00029285&year=2015;Pete Olson (R-Texas);2015
N00031128;https://www.opensecrets.org/personal-finances/net-worth?cid=N00031128&year=2015;Bob Gibbs (R-Ohio);2015
N00026050;https://www.opensecrets.org/personal-finances/net-worth?cid=N00026050&year=2015;Lisa Murkowski (R-Alaska);2015
N00035531;https://www.opensecrets.org/personal-finances/net-worth?cid=N00035531&year=2015;Evan Jenkins (R-WVa);2015
N00003813;https://www.opensecrets.org/personal-finances/net-worth?cid=N00003813&year=2015;Pete Visclosky (D-Ind);2015
N00009774;https://www.opensecrets.org/personal-finances/net-worth?cid=N00009774&year=2015;Xavier Becerra (D-Calif);2015
N00031938;https://www.opensecrets.org/personal-finances/net-worth?cid=N00031938&year=2015;Justin Amash (R-Mich);2015
N00008799;https://www.opensecrets.org/personal-finances/net-worth?cid=N00008799&year=2015;Kay Granger (R-Texas);2015
N00004558;https://www.opensecrets.org/personal-finances/net-worth?cid=N00004558&year=2015;Collin Peterson (D-Minn);2015
N00005681;https://www.opensecrets.org/personal-finances/net-worth?cid=N00005681&year=2015;Pete Sessions (R-Texas);2015
N00009585;https://www.opensecrets.org/personal-finances/net-worth?cid=N00009585&year=2015;Adam Schiff (D-Calif);2015
N00004403;https://www.opensecrets.org/personal-finances/net-worth?cid=N00004403&year=2015;Ron Kind (D-Wis);2015
N00006397;https://www.opensecrets.org/personal-finances/net-worth?cid=N00006397&year=2015;Ed Pastor (D-Ariz);2015
N00012739;https://www.opensecrets.org/personal-finances/net-worth?cid=N00012739&year=2015;Ander Crenshaw (R-Fla);2015
N00002893;https://www.opensecrets.org/personal-finances/net-worth?cid=N00002893&year=2015;Lois J Frankel (D-Fla);2015
N00027493;https://www.opensecrets.org/personal-finances/net-worth?cid=N00027493&year=2015;Michele Bachmann (R-Minn);2015
N00034254;https://www.opensecrets.org/personal-finances/net-worth?cid=N00034254&year=2015;Julia Brownley (D-Calif);2015
N00001619;https://www.opensecrets.org/personal-finances/net-worth?cid=N00001619&year=2015;Robert A Brady (D-Pa);2015
N00009659;https://www.opensecrets.org/personal-finances/net-worth?cid=N00009659&year=2015;David Vitter (R-La);2015
N00030801;https://www.opensecrets.org/personal-finances/net-worth?cid=N00030801&year=2015;Frank Guinta (R-NH);2015
N00013846;https://www.opensecrets.org/personal-finances/net-worth?cid=N00013846&year=2015;Jeff Miller (R-Fla);2015
N00030650;https://www.opensecrets.org/personal-finances/net-worth?cid=N00030650&year=2015;Frederica Wilson (D-Fla);2015
N00034277;https://www.opensecrets.org/personal-finances/net-worth?cid=N00034277&year=2015;Sean Patrick Maloney (D-NY);2015
N00005645;https://www.opensecrets.org/personal-finances/net-worth?cid=N00005645&year=2015;Ralph Hall (R-Texas);2015
N00035403;https://www.opensecrets.org/personal-finances/net-worth?cid=N00035403&year=2015;Carlos Curbelo (R-Fla);2015
N00009157;https://www.opensecrets.org/personal-finances/net-worth?cid=N00009157&year=2015;Doc Hastings (R-Wash);2015
N00035544;https://www.opensecrets.org/personal-finances/net-worth?cid=N00035544&year=2015;Ben Sasse (R-Neb);2015
N00009795;https://www.opensecrets.org/personal-finances/net-worth?cid=N00009795&year=2015;Candice S Miller (R-Mich);2015
N00001861;https://www.opensecrets.org/personal-finances/net-worth?cid=N00001861&year=2015;Henry Waxman (D-Calif);2015
N00035825;https://www.opensecrets.org/personal-finances/net-worth?cid=N00035825&year=2015;Ted Lieu (D-Calif);2015
N00033177;https://www.opensecrets.org/personal-finances/net-worth?cid=N00033177&year=2015;Tim Kaine (D-Va);2015
N00035691;https://www.opensecrets.org/personal-finances/net-worth?cid=N00035691&year=2015;Gary Palmer (R-Ala);2015
N00005559;https://www.opensecrets.org/personal-finances/net-worth?cid=N00005559&year=2015;Frank D Lucas (R-Okla);2015
N00027035;https://www.opensecrets.org/personal-finances/net-worth?cid=N00027035&year=2015;G K Butterfield (D-NC);2015
N00009753;https://www.opensecrets.org/personal-finances/net-worth?cid=N00009753&year=2015;Jim Matheson (D-Utah);2015
N00007999;https://www.opensecrets.org/personal-finances/net-worth?cid=N00007999&year=2015;Don Young (R-Alaska);2015
N00013323;https://www.opensecrets.org/personal-finances/net-worth?cid=N00013323&year=2015;Sam Graves (R-Mo);2015
N00004981;https://www.opensecrets.org/personal-finances/net-worth?cid=N00004981&year=2015;Dick Durbin (D-Ill);2015
N00030736;https://www.opensecrets.org/personal-finances/net-worth?cid=N00030736&year=2015;John Carney (D-Del);2015
N00030980;https://www.opensecrets.org/personal-finances/net-worth?cid=N00030980&year=2015;Kelly Ayotte (R-NH);2015
N00009699;https://www.opensecrets.org/personal-finances/net-worth?cid=N00009699&year=2015;Patrick J Tiberi (R-Ohio);2015
N00030836;https://www.opensecrets.org/personal-finances/net-worth?cid=N00030836&year=2015;Rand Paul (R-Ky);2015
N00001633;https://www.opensecrets.org/personal-finances/net-worth?cid=N00001633&year=2015;Joe Pitts (R-Pa);2015
N00035628;https://www.opensecrets.org/personal-finances/net-worth?cid=N00035628&year=2015;Cresent Hardy (R-Nev);2015
N00036023;https://www.opensecrets.org/personal-finances/net-worth?cid=N00036023&year=2015;Barbara Comstock (R-Va);2015
N00006267;https://www.opensecrets.org/personal-finances/net-worth?cid=N00006267&year=2015;Mike Crapo (R-Idaho);2015
N00000226;https://www.opensecrets.org/personal-finances/net-worth?cid=N00000226&year=2015;John F Tierney (D-Mass);2015
N00005282;https://www.opensecrets.org/personal-finances/net-worth?cid=N00005282&year=2015;Jerry Moran (R-Kan);2015
N00029260;https://www.opensecrets.org/personal-finances/net-worth?cid=N00029260&year=2015;Ann Kirkpatrick (D-Ariz);2015
N00027459;https://www.opensecrets.org/personal-finances/net-worth?cid=N00027459&year=2015;Doris O Matsui (D-Calif);2015
N00029574;https://www.opensecrets.org/personal-finances/net-worth?cid=N00029574&year=2015;Steve Stivers (R-Ohio);2015
N00025413;https://www.opensecrets.org/personal-finances/net-worth?cid=N00025413&year=2015;Timothy H Bishop (D-NY);2015
N00030768;https://www.opensecrets.org/personal-finances/net-worth?cid=N00030768&year=2015;Martha Roby (R-Ala);2015
N00000851;https://www.opensecrets.org/personal-finances/net-worth?cid=N00000851&year=2015;Frank A LoBiondo (R-NJ);2015
N00003280;https://www.opensecrets.org/personal-finances/net-worth?cid=N00003280&year=2015;Roger Wicker (R-Miss);2015
N00007876;https://www.opensecrets.org/personal-finances/net-worth?cid=N00007876&year=2015;Patty Murray (D-Wash);2015
N00001971;https://www.opensecrets.org/personal-finances/net-worth?cid=N00001971&year=2015;Elijah E Cummings (D-Md);2015
N00033981;https://www.opensecrets.org/personal-finances/net-worth?cid=N00033981&year=2015;Ron Barber (D-Ariz);2015
N00035391;https://www.opensecrets.org/personal-finances/net-worth?cid=N00035391&year=2015;Mimi Walters (R-Calif);2015
N00026314;https://www.opensecrets.org/personal-finances/net-worth?cid=N00026314&year=2015;Cathy McMorris Rodgers (R-Wash);2015
N00032019;https://www.opensecrets.org/personal-finances/net-worth?cid=N00032019&year=2015;David Cicilline (D-RI);2015
N00030968;https://www.opensecrets.org/personal-finances/net-worth?cid=N00030968&year=2015;Reid Ribble (R-Wis);2015
N00033486;https://www.opensecrets.org/personal-finances/net-worth?cid=N00033486&year=2015;Rick Perry (R);2015
N00034068;https://www.opensecrets.org/personal-finances/net-worth?cid=N00034068&year=2015;Brenda Lawrence (D-Mich);2015
N00027500;https://www.opensecrets.org/personal-finances/net-worth?cid=N00027500&year=2015;Amy Klobuchar (D-Minn);2015
N00031958;https://www.opensecrets.org/personal-finances/net-worth?cid=N00031958&year=2015;Steven Palazzo (R-Miss);2015
N00030752;https://www.opensecrets.org/personal-finances/net-worth?cid=N00030752&year=2015;Jeff Duncan (R-SC);2015
N00030771;https://www.opensecrets.org/personal-finances/net-worth?cid=N00030771&year=2015;Paul Gosar (R-Ariz);2015
N00035380;https://www.opensecrets.org/personal-finances/net-worth?cid=N00035380&year=2015;Bradley Byrne (R-Ala);2015
N00013855;https://www.opensecrets.org/personal-finances/net-worth?cid=N00013855&year=2015;Stephen F Lynch (D-Mass);2015
N00007335;https://www.opensecrets.org/personal-finances/net-worth?cid=N00007335&year=2015;Anna Eshoo (D-Calif);2015
N00035616;https://www.opensecrets.org/personal-finances/net-worth?cid=N00035616&year=2015;Ryan K Zinke (R-Mont);2015
N00034224;https://www.opensecrets.org/personal-finances/net-worth?cid=N00034224&year=2015;Paul Cook (R-Calif);2015
N00003689;https://www.opensecrets.org/personal-finances/net-worth?cid=N00003689&year=2015;Steve Chabot (R-Ohio);2015
N00007781;https://www.opensecrets.org/personal-finances/net-worth?cid=N00007781&year=2015;Peter DeFazio (D-Ore);2015
N00006249;https://www.opensecrets.org/personal-finances/net-worth?cid=N00006249&year=2015;Mike Enzi (R-Wyo);2015
N00007632;https://www.opensecrets.org/personal-finances/net-worth?cid=N00007632&year=2015;Eni F H Faleomavaega (D-AS);2015
N00036449;https://www.opensecrets.org/personal-finances/net-worth?cid=N00036449&year=2015;Mike Bishop (R-Mich);2015
N00012611;https://www.opensecrets.org/personal-finances/net-worth?cid=N00012611&year=2015;Mike Honda (D-Calif);2015
N00029168;https://www.opensecrets.org/personal-finances/net-worth?cid=N00029168&year=2015;Pedro Pierluisi (D-PR);2015
N00001093;https://www.opensecrets.org/personal-finances/net-worth?cid=N00001093&year=2015;Charles E Schumer (D-NY);2015
N00033640;https://www.opensecrets.org/personal-finances/net-worth?cid=N00033640&year=2015;Hakeem Jeffries (D-NY);2015
N00030829;https://www.opensecrets.org/personal-finances/net-worth?cid=N00030829&year=2015;Kenneth R Buck (R-Colo);2015
N00036409;https://www.opensecrets.org/personal-finances/net-worth?cid=N00036409&year=2015;Glenn S Grothman (R-Wis);2015
N00005870;https://www.opensecrets.org/personal-finances/net-worth?cid=N00005870&year=2015;Gene Green (D-Texas);2015
N00031317;https://www.opensecrets.org/personal-finances/net-worth?cid=N00031317&year=2015;Ted Deutch (D-Fla);2015
N00025482;https://www.opensecrets.org/personal-finances/net-worth?cid=N00025482&year=2015;Dutch Ruppersberger (D-Md);2015
N00030673;https://www.opensecrets.org/personal-finances/net-worth?cid=N00030673&year=2015;Bill Huizenga (R-Mich);2015
N00024852;https://www.opensecrets.org/personal-finances/net-worth?cid=N00024852&year=2015;John Cornyn (R-Texas);2015
N00024978;https://www.opensecrets.org/personal-finances/net-worth?cid=N00024978&year=2015;Henry Cuellar (D-Texas);2015
N00030891;https://www.opensecrets.org/personal-finances/net-worth?cid=N00030891&year=2015;Marlin Stutzman (R-Ind);2015
N00029077;https://www.opensecrets.org/personal-finances/net-worth?cid=N00029077&year=2015;Lynn Jenkins (R-Kan);2015
N00036928;https://www.opensecrets.org/personal-finances/net-worth?cid=N00036928&year=2015;Dan Donovan (R-NY);2015
N00035535;https://www.opensecrets.org/personal-finances/net-worth?cid=N00035535&year=2015;Mark Takai (D-Hawaii);2015
N00030670;https://www.opensecrets.org/personal-finances/net-worth?cid=N00030670&year=2015;Todd Young (R-Ind);2015
N00021207;https://www.opensecrets.org/personal-finances/net-worth?cid=N00021207&year=2015;Rick Nolan (D-Minn);2015
N00031741;https://www.opensecrets.org/personal-finances/net-worth?cid=N00031741&year=2015;Todd Rokita (R-Ind);2015
N00032441;https://www.opensecrets.org/personal-finances/net-worth?cid=N00032441&year=2015;Richard Nugent (R-Fla);2015
N00007390;https://www.opensecrets.org/personal-finances/net-worth?cid=N00007390&year=2015;George Miller (D-Calif);2015
N00024753;https://www.opensecrets.org/personal-finances/net-worth?cid=N00024753&year=2015;Mike Coffman (R-Colo);2015
N00035267;https://www.opensecrets.org/personal-finances/net-worth?cid=N00035267&year=2015;Cory Booker (D-NJ);2015
N00012546;https://www.opensecrets.org/personal-finances/net-worth?cid=N00012546&year=2015;Luke Messer (R-Ind);2015
N00026586;https://www.opensecrets.org/personal-finances/net-worth?cid=N00026586&year=2015;Joe Donnelly (D-Ind);2015
N00006789;https://www.opensecrets.org/personal-finances/net-worth?cid=N00006789&year=2015;Grace Napolitano (D-Calif);2015
N00029908;https://www.opensecrets.org/personal-finances/net-worth?cid=N00029908&year=2015;Joe Garcia (D-Fla);2015
N00034120;https://www.opensecrets.org/personal-finances/net-worth?cid=N00034120&year=2015;Scott Perry (R-Pa);2015
N00008122;https://www.opensecrets.org/personal-finances/net-worth?cid=N00008122&year=2015;Eddie Bernice Johnson (D-Texas);2015
N00004719;https://www.opensecrets.org/personal-finances/net-worth?cid=N00004719&year=2015;Peter Roskam (R-Ill);2015
N00026627;https://www.opensecrets.org/personal-finances/net-worth?cid=N00026627&year=2015;Patrick McHenry (R-NC);2015
N00026595;https://www.opensecrets.org/personal-finances/net-worth?cid=N00026595&year=2015;Charles W. Boustany Jr (R-La);2015
N00009829;https://www.opensecrets.org/personal-finances/net-worth?cid=N00009829&year=2015;Jim McDermott (D-Wash);2015
N00024992;https://www.opensecrets.org/personal-finances/net-worth?cid=N00024992&year=2015;Tim Murphy (R-Pa);2015
N00024870;https://www.opensecrets.org/personal-finances/net-worth?cid=N00024870&year=2015;Linda Sanchez (D-Calif);2015
N00003288;https://www.opensecrets.org/personal-finances/net-worth?cid=N00003288&year=2015;Bennie G Thompson (D-Miss);2015
N00031141;https://www.opensecrets.org/personal-finances/net-worth?cid=N00031141&year=2015;Steve Fincher (R-Tenn);2015
N00036097;https://www.opensecrets.org/personal-finances/net-worth?cid=N00036097&year=2015;Ruben Gallego (D-Ariz);2015
N00026885;https://www.opensecrets.org/personal-finances/net-worth?cid=N00026885&year=2015;Dave Reichert (R-Wash);2015
N00001102;https://www.opensecrets.org/personal-finances/net-worth?cid=N00001102&year=2015;Nydia M Velazquez (D-NY);2015
N00000528;https://www.opensecrets.org/personal-finances/net-worth?cid=N00000528&year=2015;Bernie Sanders (I-Vt);2015
N00031777;https://www.opensecrets.org/personal-finances/net-worth?cid=N00031777&year=2015;Tom Marino (R-Pa);2015
N00004614;https://www.opensecrets.org/personal-finances/net-worth?cid=N00004614&year=2015;Kevin Cramer (R-ND);2015
N00026335;https://www.opensecrets.org/personal-finances/net-worth?cid=N00026335&year=2015;Daniel Webster (R-Fla);2015
N00033982;https://www.opensecrets.org/personal-finances/net-worth?cid=N00033982&year=2015;Martha McSally (R-Ariz);2015
N00036158;https://www.opensecrets.org/personal-finances/net-worth?cid=N00036158&year=2015;Bonnie Coleman (D-NJ);2015
N00030788;https://www.opensecrets.org/personal-finances/net-worth?cid=N00030788&year=2015;Tom Graves (R-Ga);2015
N00032088;https://www.opensecrets.org/personal-finances/net-worth?cid=N00032088&year=2015;Bill Johnson (R-Ohio);2015
N00000362;https://www.opensecrets.org/personal-finances/net-worth?cid=N00000362&year=2015;Jack Reed (D-RI);2015
N00030910;https://www.opensecrets.org/personal-finances/net-worth?cid=N00030910&year=2015;Mo Brooks (R-Ala);2015
N00033030;https://www.opensecrets.org/personal-finances/net-worth?cid=N00033030&year=2015;Jared Huffman (D-Calif);2015
N00033539;https://www.opensecrets.org/personal-finances/net-worth?cid=N00033539&year=2015;Randy Weber (R-Texas);2015
N00008264;https://www.opensecrets.org/personal-finances/net-worth?cid=N00008264&year=2015;Ed Royce (R-Calif);2015
N00033631;https://www.opensecrets.org/personal-finances/net-worth?cid=N00033631&year=2015;Mark R Meadows (R-NC);2015
N00006052;https://www.opensecrets.org/personal-finances/net-worth?cid=N00006052&year=2015;Mac Thornberry (R-Texas);2015
N00027503;https://www.opensecrets.org/personal-finances/net-worth?cid=N00027503&year=2015;Bob Casey (D-Pa);2015
N00031227;https://www.opensecrets.org/personal-finances/net-worth?cid=N00031227&year=2015;Larry Bucshon (R-Ind);2015
N00004961;https://www.opensecrets.org/personal-finances/net-worth?cid=N00004961&year=2015;John M Shimkus (R-Ill);2015
N00024842;https://www.opensecrets.org/personal-finances/net-worth?cid=N00024842&year=2015;Joe Courtney (D-Conn);2015
N00036013;https://www.opensecrets.org/personal-finances/net-worth?cid=N00036013&year=2015;Dave Brat (R-Va);2015
N00003765;https://www.opensecrets.org/personal-finances/net-worth?cid=N00003765&year=2015;Mike Pence (R-Ind);2015
N00003535;https://www.opensecrets.org/personal-finances/net-worth?cid=N00003535&year=2015;Sherrod Brown (D-Ohio);2015
N00026080;https://www.opensecrets.org/personal-finances/net-worth?cid=N00026080&year=2015;John Barrow (D-Ga);2015
N00030490;https://www.opensecrets.org/personal-finances/net-worth?cid=N00030490&year=2015;Marcia L Fudge (D-Ohio);2015
N00034453;https://www.opensecrets.org/personal-finances/net-worth?cid=N00034453&year=2015;Derek Kilmer (D-Wash);2015
N00002299;https://www.opensecrets.org/personal-finances/net-worth?cid=N00002299&year=2015;Walter B Jones Jr. (R-NC);2015
N00035527;https://www.opensecrets.org/personal-finances/net-worth?cid=N00035527&year=2015;Bruce Westerman (R-Ark);2015
N00002073;https://www.opensecrets.org/personal-finances/net-worth?cid=N00002073&year=2015;Frank Wolf (R-Va);2015
N00005656;https://www.opensecrets.org/personal-finances/net-worth?cid=N00005656&year=2015;Joe Barton (R-Texas);2015
N00028958;https://www.opensecrets.org/personal-finances/net-worth?cid=N00028958&year=2015;Jason Chaffetz (R-Utah);2015
N00003105;https://www.opensecrets.org/personal-finances/net-worth?cid=N00003105&year=2015;Marsha Blackburn (R-Tenn);2015
N00024809;https://www.opensecrets.org/personal-finances/net-worth?cid=N00024809&year=2015;Joe Wilson (R-SC);2015
N00027860;https://www.opensecrets.org/personal-finances/net-worth?cid=N00027860&year=2015;Tammy Duckworth (D-Ill);2015
N00029400;https://www.opensecrets.org/personal-finances/net-worth?cid=N00029400&year=2015;Michelle Lujan Grisham (D-NM);2015
N00013770;https://www.opensecrets.org/personal-finances/net-worth?cid=N00013770&year=2015;Bill Shuster (R-Pa);2015
N00027741;https://www.opensecrets.org/personal-finances/net-worth?cid=N00027741&year=2015;David Loebsack (D-Iowa);2015
N00030645;https://www.opensecrets.org/personal-finances/net-worth?cid=N00030645&year=2015;Dennis Ross (R-Fla);2015
N00029391;https://www.opensecrets.org/personal-finances/net-worth?cid=N00029391&year=2015;Erik Paulsen (R-Minn);2015
N00005883;https://www.opensecrets.org/personal-finances/net-worth?cid=N00005883&year=2015;Kevin Brady (R-Texas);2015
N00002147;https://www.opensecrets.org/personal-finances/net-worth?cid=N00002147&year=2015;Bobby Scott (D-Va);2015
N00009668;https://www.opensecrets.org/personal-finances/net-worth?cid=N00009668&year=2015;Mike Rogers (R-Mich);2015
N00001127;https://www.opensecrets.org/personal-finances/net-worth?cid=N00001127&year=2015;Joseph Crowley (D-NY);2015
N00012539;https://www.opensecrets.org/personal-finances/net-worth?cid=N00012539&year=2015;Mark Kirk (R-Ill);2015
N00001945;https://www.opensecrets.org/personal-finances/net-worth?cid=N00001945&year=2015;Barbara A Mikulski (D-Md);2015
N00027658;https://www.opensecrets.org/personal-finances/net-worth?cid=N00027658&year=2015;Kirsten Gillibrand (D-NY);2015
N00026171;https://www.opensecrets.org/personal-finances/net-worth?cid=N00026171&year=2015;Charlie Dent (R-Pa);2015
N00029662;https://www.opensecrets.org/personal-finances/net-worth?cid=N00029662&year=2015;Bill Posey (R-Fla);2015
N00033527;https://www.opensecrets.org/personal-finances/net-worth?cid=N00033527&year=2015;David Rouzer (R-NC);2015
N00009975;https://www.opensecrets.org/personal-finances/net-worth?cid=N00009975&year=2015;Lindsey Graham (R-SC);2015
N00000133;https://www.opensecrets.org/personal-finances/net-worth?cid=N00000133&year=2015;Donna Christian-Christensen (D-VI);2015
N00006806;https://www.opensecrets.org/personal-finances/net-worth?cid=N00006806&year=2015;Janice Hahn (D-Calif);2015
N00031244;https://www.opensecrets.org/personal-finances/net-worth?cid=N00031244&year=2015;Joe Heck (R-Nev);2015
N00035483;https://www.opensecrets.org/personal-finances/net-worth?cid=N00035483&year=2015;Joni Ernst (R-Iowa);2015
N00032022;https://www.opensecrets.org/personal-finances/net-worth?cid=N00032022&year=2015;Kristi Noem (R-SD);2015
N00008091;https://www.opensecrets.org/personal-finances/net-worth?cid=N00008091&year=2015;Spencer Bachus (R-Ala);2015
N00009573;https://www.opensecrets.org/personal-finances/net-worth?cid=N00009573&year=2015;Jeff Flake (R-Ariz);2015
N00006690;https://www.opensecrets.org/personal-finances/net-worth?cid=N00006690&year=2015;Maxine Waters (D-Calif);2015
N00026457;https://www.opensecrets.org/personal-finances/net-worth?cid=N00026457&year=2015;Ted Poe (R-Texas);2015
N00027229;https://www.opensecrets.org/personal-finances/net-worth?cid=N00027229&year=2015;Michael G Fitzpatrick (R-Pa);2015
N00033518;https://www.opensecrets.org/personal-finances/net-worth?cid=N00033518&year=2015;Doug Collins (R-Ga);2015
N00033363;https://www.opensecrets.org/personal-finances/net-worth?cid=N00033363&year=2015;Tom Cotton (R-Ark);2015
N00004367;https://www.opensecrets.org/personal-finances/net-worth?cid=N00004367&year=2015;Tammy Baldwin (D-Wis);2015
N00000699;https://www.opensecrets.org/personal-finances/net-worth?cid=N00000699&year=2015;Robert Menendez (D-NJ);2015
N00035282;https://www.opensecrets.org/personal-finances/net-worth?cid=N00035282&year=2015;Jason Smith (R-Mo);2015
N00004572;https://www.opensecrets.org/personal-finances/net-worth?cid=N00004572&year=2015;John Thune (R-SD);2015
N00025095;https://www.opensecrets.org/personal-finances/net-worth?cid=N00025095&year=2015;John Carter (R-Texas);2015
N00035451;https://www.opensecrets.org/personal-finances/net-worth?cid=N00035451&year=2015;Alma Adams (D-NC);2015
N00033932;https://www.opensecrets.org/personal-finances/net-worth?cid=N00033932&year=2015;Chris Stewart (R-Utah);2015
N00002858;https://www.opensecrets.org/personal-finances/net-worth?cid=N00002858&year=2015;Ileana Ros-Lehtinen (R-Fla);2015
N00000743;https://www.opensecrets.org/personal-finances/net-worth?cid=N00000743&year=2015;Scott Garrett (R-NJ);2015
N00030744;https://www.opensecrets.org/personal-finances/net-worth?cid=N00030744&year=2015;Mike Pompeo (R-Kan);2015
N00028133;https://www.opensecrets.org/personal-finances/net-worth?cid=N00028133&year=2015;Douglas L Lamborn (R-Colo);2015
N00030622;https://www.opensecrets.org/personal-finances/net-worth?cid=N00030622&year=2015;Terri A Sewell (D-Ala);2015
N00013820;https://www.opensecrets.org/personal-finances/net-worth?cid=N00013820&year=2015;Chris Van Hollen (D-Md);2015
N00026926;https://www.opensecrets.org/personal-finances/net-worth?cid=N00026926&year=2015;Jerry McNerney (D-Calif);2015
N00027510;https://www.opensecrets.org/personal-finances/net-worth?cid=N00027510&year=2015;Ed Perlmutter (D-Colo);2015
N00004887;https://www.opensecrets.org/personal-finances/net-worth?cid=N00004887&year=2015;Bobby L Rush (D-Ill);2015
N00032029;https://www.opensecrets.org/personal-finances/net-worth?cid=N00032029&year=2015;Morgan Griffith (R-Va);2015
N00035820;https://www.opensecrets.org/personal-finances/net-worth?cid=N00035820&year=2015;Steve Knight (R-Calif);2015
N00004436;https://www.opensecrets.org/personal-finances/net-worth?cid=N00004436&year=2015;John Kline (R-Minn);2015
N00031857;https://www.opensecrets.org/personal-finances/net-worth?cid=N00031857&year=2015;Steve Womack (R-Ark);2015
N00002408;https://www.opensecrets.org/personal-finances/net-worth?cid=N00002408&year=2015;James E Clyburn (D-SC);2015
N00031782;https://www.opensecrets.org/personal-finances/net-worth?cid=N00031782&year=2015;Tim Scott (R-SC);2015
N00036275;https://www.opensecrets.org/personal-finances/net-worth?cid=N00036275&year=2015;John Moolenaar (R-Mich);2015
N00030667;https://www.opensecrets.org/personal-finances/net-worth?cid=N00030667&year=2015;Adam Kinzinger (R-Ill);2015
N00031877;https://www.opensecrets.org/personal-finances/net-worth?cid=N00031877&year=2015;Karen Bass (D-Calif);2015
N00027751;https://www.opensecrets.org/personal-finances/net-worth?cid=N00027751&year=2015;John Sarbanes (D-Md);2015
N00004724;https://www.opensecrets.org/personal-finances/net-worth?cid=N00004724&year=2015;Jan Schakowsky (D-Ill);2015
N00027623;https://www.opensecrets.org/personal-finances/net-worth?cid=N00027623&year=2015;Adrian Smith (R-Neb);2015
N00031226;https://www.opensecrets.org/personal-finances/net-worth?cid=N00031226&year=2015;Jackie Walorski (R-Ind);2015
N00031233;https://www.opensecrets.org/personal-finances/net-worth?cid=N00031233&year=2015;Andy Barr (R-Ky);2015
N00033842;https://www.opensecrets.org/personal-finances/net-worth?cid=N00033842&year=2015;Mia Love (R-Utah);2015
N00033510;https://www.opensecrets.org/personal-finances/net-worth?cid=N00033510&year=2015;Raul Ruiz (D-Calif);2015
N00009759;https://www.opensecrets.org/personal-finances/net-worth?cid=N00009759&year=2015;Rick Larsen (D-Wash);2015
N00000575;https://www.opensecrets.org/personal-finances/net-worth?cid=N00000575&year=2015;John B Larson (D-Conn);2015
N00001193;https://www.opensecrets.org/personal-finances/net-worth?cid=N00001193&year=2015;Pete King (R-NY);2015
N00034784;https://www.opensecrets.org/personal-finances/net-worth?cid=N00034784&year=2015;Rodney Davis (R-Ill);2015
N00033549;https://www.opensecrets.org/personal-finances/net-worth?cid=N00033549&year=2015;Mark Pocan (D-Wis);2015
N00009738;https://www.opensecrets.org/personal-finances/net-worth?cid=N00009738&year=2015;John Culberson (R-Texas);2015
N00031129;https://www.opensecrets.org/personal-finances/net-worth?cid=N00031129&year=2015;James Lankford (R-Okla);2015
N00000716;https://www.opensecrets.org/personal-finances/net-worth?cid=N00000716&year=2015;Donald M Payne (D-NJ);2015
N00003209;https://www.opensecrets.org/personal-finances/net-worth?cid=N00003209&year=2015;John J Duncan Jr. (R-Tenn);2015
N00029736;https://www.opensecrets.org/personal-finances/net-worth?cid=N00029736&year=2015;Glenn Thompson (R-Pa);2015
N00033395;https://www.opensecrets.org/personal-finances/net-worth?cid=N00033395&year=2015;Dan Kildee (D-Mich);2015
N00025284;https://www.opensecrets.org/personal-finances/net-worth?cid=N00025284&year=2015;Raul M Grijalva (D-Ariz);2015
N00025280;https://www.opensecrets.org/personal-finances/net-worth?cid=N00025280&year=2015;Tim Ryan (D-Ohio);2015
N00035215;https://www.opensecrets.org/personal-finances/net-worth?cid=N00035215&year=2015;Robin Kelly (D-Ill);2015
N00027566;https://www.opensecrets.org/personal-finances/net-worth?cid=N00027566&year=2015;Christopher S Murphy (D-Conn);2015
N00029562;https://www.opensecrets.org/personal-finances/net-worth?cid=N00029562&year=2015;Ben R Lujan (D-NM);2015
N00007833;https://www.opensecrets.org/personal-finances/net-worth?cid=N00007833&year=2015;Adam Smith (D-Wash);2015
N00036135;https://www.opensecrets.org/personal-finances/net-worth?cid=N00036135&year=2015;Garret Graves (R-La);2015
N00030612;https://www.opensecrets.org/personal-finances/net-worth?cid=N00030612&year=2015;Marco Rubio (R-Fla);2015
N00031134;https://www.opensecrets.org/personal-finances/net-worth?cid=N00031134&year=2015;Patrick Meehan (R-Pa);2015
N00035927;https://www.opensecrets.org/personal-finances/net-worth?cid=N00035927&year=2015;Kathleen Rice (D-NY);2015
N00004884;https://www.opensecrets.org/personal-finances/net-worth?cid=N00004884&year=2015;Danny K Davis (D-Ill);2015
N00009918;https://www.opensecrets.org/personal-finances/net-worth?cid=N00009918&year=2015;Patrick Leahy (D-Vt);2015
N00027462;https://www.opensecrets.org/personal-finances/net-worth?cid=N00027462&year=2015;Gus Bilirakis (R-Fla);2015
N00025237;https://www.opensecrets.org/personal-finances/net-worth?cid=N00025237&year=2015;Steven A King (R-Iowa);2015
N00000153;https://www.opensecrets.org/personal-finances/net-worth?cid=N00000153&year=2015;Richard E Neal (D-Mass);2015
N00008046;https://www.opensecrets.org/personal-finances/net-worth?cid=N00008046&year=2015;Barbara Lee (D-Calif);2015
N00033541;https://www.opensecrets.org/personal-finances/net-worth?cid=N00033541&year=2015;Pete Gallego (D-Texas);2015
N00026368;https://www.opensecrets.org/personal-finances/net-worth?cid=N00026368&year=2015;Tim Walberg (R-Mich);2015
N00033390;https://www.opensecrets.org/personal-finances/net-worth?cid=N00033390&year=2015;Cheri Bustos (D-Ill);2015
N00006446;https://www.opensecrets.org/personal-finances/net-worth?cid=N00006446&year=2015;Matt Salmon (R-Ariz);2015
N00001373;https://www.opensecrets.org/personal-finances/net-worth?cid=N00001373&year=2015;Mike Doyle (D-Pa);2015
N00031696;https://www.opensecrets.org/personal-finances/net-worth?cid=N00031696&year=2015;Mike Lee (R-Utah);2015
N00037003;https://www.opensecrets.org/personal-finances/net-worth?cid=N00037003&year=2015;Trent Kelly (R-Miss);2015
N00030880;https://www.opensecrets.org/personal-finances/net-worth?cid=N00030880&year=2015;Trey Gowdy (R-SC);2015
N00030780;https://www.opensecrets.org/personal-finances/net-worth?cid=N00030780&year=2015;Cory Gardner (R-Colo);2015
N00005321;https://www.opensecrets.org/personal-finances/net-worth?cid=N00005321&year=2015;Lee Terry (R-Neb);2015
N00033281;https://www.opensecrets.org/personal-finances/net-worth?cid=N00033281&year=2015;Tulsi Gabbard (D-Hawaii);2015
N00035509;https://www.opensecrets.org/personal-finances/net-worth?cid=N00035509&year=2015;David Young (R-Iowa);2015
N00027894;https://www.opensecrets.org/personal-finances/net-worth?cid=N00027894&year=2015;Jim Jordan (R-Ohio);2015
N00030709;https://www.opensecrets.org/personal-finances/net-worth?cid=N00030709&year=2015;Mark Desaulnier (D-Calif);2015
N00028138;https://www.opensecrets.org/personal-finances/net-worth?cid=N00028138&year=2015;Brian Schatz (D-Hawaii);2015
N00028152;https://www.opensecrets.org/personal-finances/net-worth?cid=N00028152&year=2015;Kevin McCarthy (R-Calif);2015
N00029835;https://www.opensecrets.org/personal-finances/net-worth?cid=N00029835&year=2015;Martin Heinrich (D-NM);2015
N00030418;https://www.opensecrets.org/personal-finances/net-worth?cid=N00030418&year=2015;Gregorio Sablan (D-MP);2015
N00030957;https://www.opensecrets.org/personal-finances/net-worth?cid=N00030957&year=2015;Scott Desjarlais (R-Tenn);2015
N00031502;https://www.opensecrets.org/personal-finances/net-worth?cid=N00031502&year=2015;Kevin Yoder (R-Kan);2015
N00009816;https://www.opensecrets.org/personal-finances/net-worth?cid=N00009816&year=2015;Chris Smith (R-NJ);2015
N00033532;https://www.opensecrets.org/personal-finances/net-worth?cid=N00033532&year=2015;James Bridenstine (R-Okla);2015
N00007635;https://www.opensecrets.org/personal-finances/net-worth?cid=N00007635&year=2015;Amata Coleman Radewagen (R-AS);2015
N00027467;https://www.opensecrets.org/personal-finances/net-worth?cid=N00027467&year=2015;Tim Walz (D-Minn);2015
N00001746;https://www.opensecrets.org/personal-finances/net-worth?cid=N00001746&year=2015;Chaka Fattah (D-Pa);2015
N00031998;https://www.opensecrets.org/personal-finances/net-worth?cid=N00031998&year=2015;Chris Gibson (R-NY);2015
N00029404;https://www.opensecrets.org/personal-finances/net-worth?cid=N00029404&year=2015;Lee Zeldin (R-NY);2015
N00031265;https://www.opensecrets.org/personal-finances/net-worth?cid=N00031265&year=2015;Robert Hurt (R-Va);2015
N00030184;https://www.opensecrets.org/personal-finances/net-worth?cid=N00030184&year=2015;Cedric Richmond (D-La);2015
N00031177;https://www.opensecrets.org/personal-finances/net-worth?cid=N00031177&year=2015;Mark Amodei (R-Nev);2015
N00035440;https://www.opensecrets.org/personal-finances/net-worth?cid=N00035440&year=2015;Tom Emmer (R-Minn);2015
N00028986;https://www.opensecrets.org/personal-finances/net-worth?cid=N00028986&year=2015;Paul Broun (R-Ga);2015
N00035523;https://www.opensecrets.org/personal-finances/net-worth?cid=N00035523&year=2015;Elise Stefanik (R-NY);2015
N00006701;https://www.opensecrets.org/personal-finances/net-worth?cid=N00006701&year=2015;Mark A Takano (D-Calif);2015
N00007248;https://www.opensecrets.org/personal-finances/net-worth?cid=N00007248&year=2015;Devin Nunes (R-Calif);2015
N00025025;https://www.opensecrets.org/personal-finances/net-worth?cid=N00025025&year=2015;Jim Gerlach (R-Pa);2015
N00027523;https://www.opensecrets.org/personal-finances/net-worth?cid=N00027523&year=2015;Albio Sires (D-NJ);2015
N00002674;https://www.opensecrets.org/personal-finances/net-worth?cid=N00002674&year=2015;Sanford Bishop (D-Ga);2015
N00033839;https://www.opensecrets.org/personal-finances/net-worth?cid=N00033839&year=2015;Marc Veasey (D-Texas);2015
N00033630;https://www.opensecrets.org/personal-finances/net-worth?cid=N00033630&year=2015;Richard Hudson (R-NC);2015
N00012942;https://www.opensecrets.org/personal-finances/net-worth?cid=N00012942&year=2015;Betty McCollum (D-Minn);2015
N00031417;https://www.opensecrets.org/personal-finances/net-worth?cid=N00031417&year=2015;Will Hurd (R-Texas);2015
N00031513;https://www.opensecrets.org/personal-finances/net-worth?cid=N00031513&year=2015;Renee Ellmers (R-NC);2015
N00035717;https://www.opensecrets.org/personal-finances/net-worth?cid=N00035717&year=2015;David Jolly (R-Fla);2015
N00033373;https://www.opensecrets.org/personal-finances/net-worth?cid=N00033373&year=2015;Tony Cardenas (D-Calif);2015
N00007232;https://www.opensecrets.org/personal-finances/net-worth?cid=N00007232&year=2015;Lois Capps (D-Calif);2015
N00026106;https://www.opensecrets.org/personal-finances/net-worth?cid=N00026106&year=2015;Debbie Wasserman Schultz (D-Fla);2015
N00003522;https://www.opensecrets.org/personal-finances/net-worth?cid=N00003522&year=2015;Marcy Kaptur (D-Ohio);2015
N00025337;https://www.opensecrets.org/personal-finances/net-worth?cid=N00025337&year=2015;Mario Diaz-Balart (R-Fla);2015
N00027649;https://www.opensecrets.org/personal-finances/net-worth?cid=N00027649&year=2015;Tim Huelskamp (R-Kan);2015
N00026163;https://www.opensecrets.org/personal-finances/net-worth?cid=N00026163&year=2015;Lynn A Westmoreland (R-Ga);2015
N00026961;https://www.opensecrets.org/personal-finances/net-worth?cid=N00026961&year=2015;Yvette D Clarke (D-NY);2015
N00007151;https://www.opensecrets.org/personal-finances/net-worth?cid=N00007151&year=2015;Dana Rohrabacher (R-Calif);2015
N00001821;https://www.opensecrets.org/personal-finances/net-worth?cid=N00001821&year=2015;Steny H Hoyer (D-Md);2015
N00001813;https://www.opensecrets.org/personal-finances/net-worth?cid=N00001813&year=2015;Jose E Serrano (D-NY);2015
N00031104;https://www.opensecrets.org/personal-finances/net-worth?cid=N00031104&year=2015;Randy Hultgren (R-Ill);2015
N00002356;https://www.opensecrets.org/personal-finances/net-worth?cid=N00002356&year=2015;Mike McIntyre (D-NC);2015
N00035431;https://www.opensecrets.org/personal-finances/net-worth?cid=N00035431&year=2015;Seth Moulton (D-Mass);2015
N00033997;https://www.opensecrets.org/personal-finances/net-worth?cid=N00033997&year=2015;Pete Aguilar (D-Calif);2015
N00030581;https://www.opensecrets.org/personal-finances/net-worth?cid=N00030581&year=2015;Mike Quigley (D-Ill);2015
N00031204;https://www.opensecrets.org/personal-finances/net-worth?cid=N00031204&year=2015;Steve Southerland (R-Fla);2015
N00034746;https://www.opensecrets.org/personal-finances/net-worth?cid=N00034746&year=2015;Ron DeSantis (R-Fla);2015
N00035347;https://www.opensecrets.org/personal-finances/net-worth?cid=N00035347&year=2015;Barry Loudermilk (R-Ga);2015
N00032243;https://www.opensecrets.org/personal-finances/net-worth?cid=N00032243&year=2015;Jody B Hice (R-Ga);2015
N00000939;https://www.opensecrets.org/personal-finances/net-worth?cid=N00000939&year=2015;Jerrold Nadler (D-NY);2015
N00012460;https://www.opensecrets.org/personal-finances/net-worth?cid=N00012460&year=2015;William L Clay Jr. (D-Mo);2015
N00025292;https://www.opensecrets.org/personal-finances/net-worth?cid=N00025292&year=2015;Rob Bishop (R-Utah);2015
N00029632;https://www.opensecrets.org/personal-finances/net-worth?cid=N00029632&year=2015;Gregg Harper (R-Miss);2015
N00031297;https://www.opensecrets.org/personal-finances/net-worth?cid=N00031297&year=2015;Tim Griffin (R-Ark);2015
N00031559;https://www.opensecrets.org/personal-finances/net-worth?cid=N00031559&year=2015;Jaime Herrera Beutler (R-Wash);2015
N00004118;https://www.opensecrets.org/personal-finances/net-worth?cid=N00004118&year=2015;Debbie Stabenow (D-Mich);2015
N00027891;https://www.opensecrets.org/personal-finances/net-worth?cid=N00027891&year=2015;Dan Maffei (D-NY);2015
N00028257;https://www.opensecrets.org/personal-finances/net-worth?cid=N00028257&year=2015;Keith Ellison (D-Minn);2015
N00002577;https://www.opensecrets.org/personal-finances/net-worth?cid=N00002577&year=2015;John Lewis (D-Ga);2015
N00028249;https://www.opensecrets.org/personal-finances/net-worth?cid=N00028249&year=2015;Donna Edwards (D-Md);2015
N00002713;https://www.opensecrets.org/personal-finances/net-worth?cid=N00002713&year=2015;Corrine Brown (D-Fla);2015
N00030196;https://www.opensecrets.org/personal-finances/net-worth?cid=N00030196&year=2015;Paul Tonko (D-NY);2015
N00027848;https://www.opensecrets.org/personal-finances/net-worth?cid=N00027848&year=2015;Hank Johnson (D-Ga);2015
N00001171;https://www.opensecrets.org/personal-finances/net-worth?cid=N00001171&year=2015;Gregory W Meeks (D-NY);2015
N00026914;https://www.opensecrets.org/personal-finances/net-worth?cid=N00026914&year=2015;Gwen Moore (D-Wis);2015
N00033508;https://www.opensecrets.org/personal-finances/net-worth?cid=N00033508&year=2015;Eric Swalwell (D-Calif);2015
N00033316;https://www.opensecrets.org/personal-finances/net-worth?cid=N00033316&year=2015;Joaquin Castro (D-Texas);2015
N00026148;https://www.opensecrets.org/personal-finances/net-worth?cid=N00026148&year=2015;Louis B Gohmert Jr. (R-Texas);2015
N00008028;https://www.opensecrets.org/personal-finances/net-worth?cid=N00008028&year=2015;Sam Johnson (R-Texas);2015
N00001003;https://www.opensecrets.org/personal-finances/net-worth?cid=N00001003&year=2015;Eliot L Engel (D-NY);2015
N00033983;https://www.opensecrets.org/personal-finances/net-worth?cid=N00033983&year=2015;Kyrsten Sinema (D-Ariz);2015
N00030967;https://www.opensecrets.org/personal-finances/net-worth?cid=N00030967&year=2015;Sean P Duffy (R-Wis);2015
N00029513;https://www.opensecrets.org/personal-finances/net-worth?cid=N00029513&year=2015;Andre Carson (D-Ind);2015
N00009660;https://www.opensecrets.org/personal-finances/net-worth?cid=N00009660&year=2015;Steve Scalise (R-La);2015
N00035311;https://www.opensecrets.org/personal-finances/net-worth?cid=N00035311&year=2015;Mark Walker (R-NC);2015
N00013345;https://www.opensecrets.org/personal-finances/net-worth?cid=N00013345&year=2015;Steve Israel (D-NY);2015
N00036175;https://www.opensecrets.org/personal-finances/net-worth?cid=N00036175&year=2015;Steven Russell (R-Okla);2015
N00032416;https://www.opensecrets.org/personal-finances/net-worth?cid=N00032416&year=2015;Rob Woodall (R-Ga);2015
N00037031;https://www.opensecrets.org/personal-finances/net-worth?cid=N00037031&year=2015;Darin LaHood (R-Ill);2015
N00035000;https://www.opensecrets.org/personal-finances/net-worth?cid=N00035000&year=2015;Stacey Plaskett (D-VI);2015
N00027060;https://www.opensecrets.org/personal-finances/net-worth?cid=N00027060&year=2015;Brian M Higgins (D-NY);2015
N00035307;https://www.opensecrets.org/personal-finances/net-worth?cid=N00035307&year=2015;Brendan Boyle (D-Pa);2015
N00035420;https://www.opensecrets.org/personal-finances/net-worth?cid=N00035420&year=2015;Mike Bost (R-Ill);2015
N00031377;https://www.opensecrets.org/personal-finances/net-worth?cid=N00031377&year=2015;Raul Labrador (R-Idaho);2015
N00031064;https://www.opensecrets.org/personal-finances/net-worth?cid=N00031064&year=2015;Ryan Costello (R-Pa);2015
N00028091;https://www.opensecrets.org/personal-finances/net-worth?cid=N00028091&year=2015;Carol Shea-Porter (D-NH);2015
N00030949;https://www.opensecrets.org/personal-finances/net-worth?cid=N00030949&year=2015;Tom Reed (R-NY);2015
N00035934;https://www.opensecrets.org/personal-finances/net-worth?cid=N00035934&year=2015;John Katko (R-NY);2015
N00036107;https://www.opensecrets.org/personal-finances/net-worth?cid=N00036107&year=2015;Norma Torres (D-Calif);2015
N00030770;https://www.opensecrets.org/personal-finances/net-worth?cid=N00030770&year=2015;Rick Crawford (R-Ark);2015
N00002083;https://www.opensecrets.org/personal-finances/net-worth?cid=N00002083&year=2015;Jim Moran (D-Va);2015
N00006863;https://www.opensecrets.org/personal-finances/net-worth?cid=N00006863&year=2015;Tom McClintock (R-Calif);2015
N00029258;https://www.opensecrets.org/personal-finances/net-worth?cid=N00029258&year=2015;Duncan D Hunter (R-Calif);2015
N00006671;https://www.opensecrets.org/personal-finances/net-worth?cid=N00006671&year=2015;Lucille Roybal-Allard (D-Calif);2015
N00025495;https://www.opensecrets.org/personal-finances/net-worth?cid=N00025495&year=2015;Lou Barletta (R-Pa);2015
N00002884;https://www.opensecrets.org/personal-finances/net-worth?cid=N00002884&year=2015;Alcee L Hastings (D-Fla);2015
N00006008;https://www.opensecrets.org/personal-finances/net-worth?cid=N00006008&year=2015;Ruben Hinojosa (D-Texas);2015
N00026790;https://www.opensecrets.org/personal-finances/net-worth?cid=N00026790&year=2015;Emanuel Cleaver (D-Mo);2015
N00033367;https://www.opensecrets.org/personal-finances/net-worth?cid=N00033367&year=2015;David Valadao (R-Calif);2015
